entity:participant_id	mutation	mutSynthExomeBam	mutSynthExomeBamIndex	mutSynthExomeGvcf	mutSynthExomeGvcfIndex	originalCallsVcf	originalCallsVcfIndex	population	role	synthExomeBam	synthExomeBamIndex	synthExomeTruthVcf	synthExomeTruthVcfIndex
HG00096	gs://firecloud-workshops/181017-ashg18/variants/neutral/m_2_120776717_A.txt	gs://firecloud-workshops/181017-ashg18/synthetic-exomes-mutated/HG00096.synthetic.exome.mutated.bam	gs://firecloud-workshops/181017-ashg18/synthetic-exomes-mutated/HG00096.synthetic.exome.mutated.bai	gs://firecloud-workshops/181017-ashg18/gvcfs/HG00096.synthetic.exome.mutated.g.vcf.gz	gs://firecloud-workshops/181017-ashg18/gvcfs/HG00096.synthetic.exome.mutated.g.vcf.gz.tbi	gs://firecloud-workshops/181017-ashg18/1000G-vcfs/HG00096.phase3.vcf	gs://firecloud-workshops/181017-ashg18/1000G-vcfs/HG00096.phase3.vcf.idx	GBR	neutral	gs://firecloud-workshops/181017-ashg18/synthetic-exomes/HG00096.synthetic.exome.bam	gs://firecloud-workshops/181017-ashg18/synthetic-exomes/HG00096.synthetic.exome.bai	gs://firecloud-workshops/181017-ashg18/truth-vcfs/HG00096.synthetic.exome.truth.vcf	gs://firecloud-workshops/181017-ashg18/truth-vcfs/HG00096.synthetic.exome.truth.vcf.idx
HG00097	gs://firecloud-workshops/181017-ashg18/variants/neutral/m_2_120776717_A.txt	gs://firecloud-workshops/181017-ashg18/synthetic-exomes-mutated/HG00097.synthetic.exome.mutated.bam	gs://firecloud-workshops/181017-ashg18/synthetic-exomes-mutated/HG00097.synthetic.exome.mutated.bai	gs://firecloud-workshops/181017-ashg18/gvcfs/HG00097.synthetic.exome.mutated.g.vcf.gz	gs://firecloud-workshops/181017-ashg18/gvcfs/HG00097.synthetic.exome.mutated.g.vcf.gz.tbi	gs://firecloud-workshops/181017-ashg18/1000G-vcfs/HG00097.phase3.vcf	gs://firecloud-workshops/181017-ashg18/1000G-vcfs/HG00097.phase3.vcf.idx	GBR	neutral	gs://firecloud-workshops/181017-ashg18/synthetic-exomes/HG00097.synthetic.exome.bam	gs://firecloud-workshops/181017-ashg18/synthetic-exomes/HG00097.synthetic.exome.bai	gs://firecloud-workshops/181017-ashg18/truth-vcfs/HG00097.synthetic.exome.truth.vcf	gs://firecloud-workshops/181017-ashg18/truth-vcfs/HG00097.synthetic.exome.truth.vcf.idx
HG00128	gs://firecloud-workshops/181017-ashg18/variants/neutral/m_2_120776717_A.txt	gs://firecloud-workshops/181017-ashg18/synthetic-exomes-mutated/HG00128.synthetic.exome.mutated.bam	gs://firecloud-workshops/181017-ashg18/synthetic-exomes-mutated/HG00128.synthetic.exome.mutated.bai	gs://firecloud-workshops/181017-ashg18/gvcfs/HG00128.synthetic.exome.mutated.g.vcf.gz	gs://firecloud-workshops/181017-ashg18/gvcfs/HG00128.synthetic.exome.mutated.g.vcf.gz.tbi	gs://firecloud-workshops/181017-ashg18/1000G-vcfs/HG00128.phase3.vcf	gs://firecloud-workshops/181017-ashg18/1000G-vcfs/HG00128.phase3.vcf.idx	GBR	neutral	gs://firecloud-workshops/181017-ashg18/synthetic-exomes/HG00128.synthetic.exome.bam	gs://firecloud-workshops/181017-ashg18/synthetic-exomes/HG00128.synthetic.exome.bai	gs://firecloud-workshops/181017-ashg18/truth-vcfs/HG00128.synthetic.exome.truth.vcf	gs://firecloud-workshops/181017-ashg18/truth-vcfs/HG00128.synthetic.exome.truth.vcf.idx
HG00131	gs://firecloud-workshops/181017-ashg18/variants/neutral/m_2_120776717_A.txt	gs://firecloud-workshops/181017-ashg18/synthetic-exomes-mutated/HG00131.synthetic.exome.mutated.bam	gs://firecloud-workshops/181017-ashg18/synthetic-exomes-mutated/HG00131.synthetic.exome.mutated.bai	gs://firecloud-workshops/181017-ashg18/gvcfs/HG00131.synthetic.exome.mutated.g.vcf.gz	gs://firecloud-workshops/181017-ashg18/gvcfs/HG00131.synthetic.exome.mutated.g.vcf.gz.tbi	gs://firecloud-workshops/181017-ashg18/1000G-vcfs/HG00131.phase3.vcf	gs://firecloud-workshops/181017-ashg18/1000G-vcfs/HG00131.phase3.vcf.idx	GBR	neutral	gs://firecloud-workshops/181017-ashg18/synthetic-exomes/HG00131.synthetic.exome.bam	gs://firecloud-workshops/181017-ashg18/synthetic-exomes/HG00131.synthetic.exome.bai	gs://firecloud-workshops/181017-ashg18/truth-vcfs/HG00131.synthetic.exome.truth.vcf	gs://firecloud-workshops/181017-ashg18/truth-vcfs/HG00131.synthetic.exome.truth.vcf.idx
HG00142	gs://firecloud-workshops/181017-ashg18/variants/neutral/m_2_120776717_A.txt	gs://firecloud-workshops/181017-ashg18/synthetic-exomes-mutated/HG00142.synthetic.exome.mutated.bam	gs://firecloud-workshops/181017-ashg18/synthetic-exomes-mutated/HG00142.synthetic.exome.mutated.bai	gs://firecloud-workshops/181017-ashg18/gvcfs/HG00142.synthetic.exome.mutated.g.vcf.gz	gs://firecloud-workshops/181017-ashg18/gvcfs/HG00142.synthetic.exome.mutated.g.vcf.gz.tbi	gs://firecloud-workshops/181017-ashg18/1000G-vcfs/HG00142.phase3.vcf	gs://firecloud-workshops/181017-ashg18/1000G-vcfs/HG00142.phase3.vcf.idx	GBR	neutral	gs://firecloud-workshops/181017-ashg18/synthetic-exomes/HG00142.synthetic.exome.bam	gs://firecloud-workshops/181017-ashg18/synthetic-exomes/HG00142.synthetic.exome.bai	gs://firecloud-workshops/181017-ashg18/truth-vcfs/HG00142.synthetic.exome.truth.vcf	gs://firecloud-workshops/181017-ashg18/truth-vcfs/HG00142.synthetic.exome.truth.vcf.idx
HG00143	gs://firecloud-workshops/181017-ashg18/variants/neutral/m_2_120776717_A.txt	gs://firecloud-workshops/181017-ashg18/synthetic-exomes-mutated/HG00143.synthetic.exome.mutated.bam	gs://firecloud-workshops/181017-ashg18/synthetic-exomes-mutated/HG00143.synthetic.exome.mutated.bai	gs://firecloud-workshops/181017-ashg18/gvcfs/HG00143.synthetic.exome.mutated.g.vcf.gz	gs://firecloud-workshops/181017-ashg18/gvcfs/HG00143.synthetic.exome.mutated.g.vcf.gz.tbi	gs://firecloud-workshops/181017-ashg18/1000G-vcfs/HG00143.phase3.vcf	gs://firecloud-workshops/181017-ashg18/1000G-vcfs/HG00143.phase3.vcf.idx	GBR	neutral	gs://firecloud-workshops/181017-ashg18/synthetic-exomes/HG00143.synthetic.exome.bam	gs://firecloud-workshops/181017-ashg18/synthetic-exomes/HG00143.synthetic.exome.bai	gs://firecloud-workshops/181017-ashg18/truth-vcfs/HG00143.synthetic.exome.truth.vcf	gs://firecloud-workshops/181017-ashg18/truth-vcfs/HG00143.synthetic.exome.truth.vcf.idx
HG00155	gs://firecloud-workshops/181017-ashg18/variants/case-notch1/m_9_139418415_T.txt	gs://firecloud-workshops/181017-ashg18/synthetic-exomes-mutated/HG00155.synthetic.exome.mutated.bam	gs://firecloud-workshops/181017-ashg18/synthetic-exomes-mutated/HG00155.synthetic.exome.mutated.bai	gs://firecloud-workshops/181017-ashg18/gvcfs/HG00155.synthetic.exome.mutated.g.vcf.gz	gs://firecloud-workshops/181017-ashg18/gvcfs/HG00155.synthetic.exome.mutated.g.vcf.gz.tbi	gs://firecloud-workshops/181017-ashg18/1000G-vcfs/HG00155.phase3.vcf	gs://firecloud-workshops/181017-ashg18/1000G-vcfs/HG00155.phase3.vcf.idx	GBR	case	gs://firecloud-workshops/181017-ashg18/synthetic-exomes/HG00155.synthetic.exome.bam	gs://firecloud-workshops/181017-ashg18/synthetic-exomes/HG00155.synthetic.exome.bai	gs://firecloud-workshops/181017-ashg18/truth-vcfs/HG00155.synthetic.exome.truth.vcf	gs://firecloud-workshops/181017-ashg18/truth-vcfs/HG00155.synthetic.exome.truth.vcf.idx
HG00231	gs://firecloud-workshops/181017-ashg18/variants/neutral/m_2_120776717_A.txt	gs://firecloud-workshops/181017-ashg18/synthetic-exomes-mutated/HG00231.synthetic.exome.mutated.bam	gs://firecloud-workshops/181017-ashg18/synthetic-exomes-mutated/HG00231.synthetic.exome.mutated.bai	gs://firecloud-workshops/181017-ashg18/gvcfs/HG00231.synthetic.exome.mutated.g.vcf.gz	gs://firecloud-workshops/181017-ashg18/gvcfs/HG00231.synthetic.exome.mutated.g.vcf.gz.tbi	gs://firecloud-workshops/181017-ashg18/1000G-vcfs/HG00231.phase3.vcf	gs://firecloud-workshops/181017-ashg18/1000G-vcfs/HG00231.phase3.vcf.idx	GBR	neutral	gs://firecloud-workshops/181017-ashg18/synthetic-exomes/HG00231.synthetic.exome.bam	gs://firecloud-workshops/181017-ashg18/synthetic-exomes/HG00231.synthetic.exome.bai	gs://firecloud-workshops/181017-ashg18/truth-vcfs/HG00231.synthetic.exome.truth.vcf	gs://firecloud-workshops/181017-ashg18/truth-vcfs/HG00231.synthetic.exome.truth.vcf.idx
HG00737	gs://firecloud-workshops/181017-ashg18/variants/neutral/m_2_120776717_A.txt	gs://firecloud-workshops/181017-ashg18/synthetic-exomes-mutated/HG00737.synthetic.exome.mutated.bam	gs://firecloud-workshops/181017-ashg18/synthetic-exomes-mutated/HG00737.synthetic.exome.mutated.bai	gs://firecloud-workshops/181017-ashg18/gvcfs/HG00737.synthetic.exome.mutated.g.vcf.gz	gs://firecloud-workshops/181017-ashg18/gvcfs/HG00737.synthetic.exome.mutated.g.vcf.gz.tbi	gs://firecloud-workshops/181017-ashg18/1000G-vcfs/HG00737.phase3.vcf	gs://firecloud-workshops/181017-ashg18/1000G-vcfs/HG00737.phase3.vcf.idx	PUR	neutral	gs://firecloud-workshops/181017-ashg18/synthetic-exomes/HG00737.synthetic.exome.bam	gs://firecloud-workshops/181017-ashg18/synthetic-exomes/HG00737.synthetic.exome.bai	gs://firecloud-workshops/181017-ashg18/truth-vcfs/HG00737.synthetic.exome.truth.vcf	gs://firecloud-workshops/181017-ashg18/truth-vcfs/HG00737.synthetic.exome.truth.vcf.idx
HG01066	gs://firecloud-workshops/181017-ashg18/variants/neutral/m_2_120776717_A.txt	gs://firecloud-workshops/181017-ashg18/synthetic-exomes-mutated/HG01066.synthetic.exome.mutated.bam	gs://firecloud-workshops/181017-ashg18/synthetic-exomes-mutated/HG01066.synthetic.exome.mutated.bai	gs://firecloud-workshops/181017-ashg18/gvcfs/HG01066.synthetic.exome.mutated.g.vcf.gz	gs://firecloud-workshops/181017-ashg18/gvcfs/HG01066.synthetic.exome.mutated.g.vcf.gz.tbi	gs://firecloud-workshops/181017-ashg18/1000G-vcfs/HG01066.phase3.vcf	gs://firecloud-workshops/181017-ashg18/1000G-vcfs/HG01066.phase3.vcf.idx	PUR	neutral	gs://firecloud-workshops/181017-ashg18/synthetic-exomes/HG01066.synthetic.exome.bam	gs://firecloud-workshops/181017-ashg18/synthetic-exomes/HG01066.synthetic.exome.bai	gs://firecloud-workshops/181017-ashg18/truth-vcfs/HG01066.synthetic.exome.truth.vcf	gs://firecloud-workshops/181017-ashg18/truth-vcfs/HG01066.synthetic.exome.truth.vcf.idx
HG01124	gs://firecloud-workshops/181017-ashg18/variants/neutral/m_2_120776717_A.txt	gs://firecloud-workshops/181017-ashg18/synthetic-exomes-mutated/HG01124.synthetic.exome.mutated.bam	gs://firecloud-workshops/181017-ashg18/synthetic-exomes-mutated/HG01124.synthetic.exome.mutated.bai	gs://firecloud-workshops/181017-ashg18/gvcfs/HG01124.synthetic.exome.mutated.g.vcf.gz	gs://firecloud-workshops/181017-ashg18/gvcfs/HG01124.synthetic.exome.mutated.g.vcf.gz.tbi	gs://firecloud-workshops/181017-ashg18/1000G-vcfs/HG01124.phase3.vcf	gs://firecloud-workshops/181017-ashg18/1000G-vcfs/HG01124.phase3.vcf.idx	CLM	neutral	gs://firecloud-workshops/181017-ashg18/synthetic-exomes/HG01124.synthetic.exome.bam	gs://firecloud-workshops/181017-ashg18/synthetic-exomes/HG01124.synthetic.exome.bai	gs://firecloud-workshops/181017-ashg18/truth-vcfs/HG01124.synthetic.exome.truth.vcf	gs://firecloud-workshops/181017-ashg18/truth-vcfs/HG01124.synthetic.exome.truth.vcf.idx
HG01125	gs://firecloud-workshops/181017-ashg18/variants/neutral/m_2_120776717_A.txt	gs://firecloud-workshops/181017-ashg18/synthetic-exomes-mutated/HG01125.synthetic.exome.mutated.bam	gs://firecloud-workshops/181017-ashg18/synthetic-exomes-mutated/HG01125.synthetic.exome.mutated.bai	gs://firecloud-workshops/181017-ashg18/gvcfs/HG01125.synthetic.exome.mutated.g.vcf.gz	gs://firecloud-workshops/181017-ashg18/gvcfs/HG01125.synthetic.exome.mutated.g.vcf.gz.tbi	gs://firecloud-workshops/181017-ashg18/1000G-vcfs/HG01125.phase3.vcf	gs://firecloud-workshops/181017-ashg18/1000G-vcfs/HG01125.phase3.vcf.idx	CLM	neutral	gs://firecloud-workshops/181017-ashg18/synthetic-exomes/HG01125.synthetic.exome.bam	gs://firecloud-workshops/181017-ashg18/synthetic-exomes/HG01125.synthetic.exome.bai	gs://firecloud-workshops/181017-ashg18/truth-vcfs/HG01125.synthetic.exome.truth.vcf	gs://firecloud-workshops/181017-ashg18/truth-vcfs/HG01125.synthetic.exome.truth.vcf.idx
HG01197	gs://firecloud-workshops/181017-ashg18/variants/neutral/m_2_120776717_A.txt	gs://firecloud-workshops/181017-ashg18/synthetic-exomes-mutated/HG01197.synthetic.exome.mutated.bam	gs://firecloud-workshops/181017-ashg18/synthetic-exomes-mutated/HG01197.synthetic.exome.mutated.bai	gs://firecloud-workshops/181017-ashg18/gvcfs/HG01197.synthetic.exome.mutated.g.vcf.gz	gs://firecloud-workshops/181017-ashg18/gvcfs/HG01197.synthetic.exome.mutated.g.vcf.gz.tbi	gs://firecloud-workshops/181017-ashg18/1000G-vcfs/HG01197.phase3.vcf	gs://firecloud-workshops/181017-ashg18/1000G-vcfs/HG01197.phase3.vcf.idx	PUR	neutral	gs://firecloud-workshops/181017-ashg18/synthetic-exomes/HG01197.synthetic.exome.bam	gs://firecloud-workshops/181017-ashg18/synthetic-exomes/HG01197.synthetic.exome.bai	gs://firecloud-workshops/181017-ashg18/truth-vcfs/HG01197.synthetic.exome.truth.vcf	gs://firecloud-workshops/181017-ashg18/truth-vcfs/HG01197.synthetic.exome.truth.vcf.idx
HG01275	gs://firecloud-workshops/181017-ashg18/variants/neutral/m_2_120776717_A.txt	gs://firecloud-workshops/181017-ashg18/synthetic-exomes-mutated/HG01275.synthetic.exome.mutated.bam	gs://firecloud-workshops/181017-ashg18/synthetic-exomes-mutated/HG01275.synthetic.exome.mutated.bai	gs://firecloud-workshops/181017-ashg18/gvcfs/HG01275.synthetic.exome.mutated.g.vcf.gz	gs://firecloud-workshops/181017-ashg18/gvcfs/HG01275.synthetic.exome.mutated.g.vcf.gz.tbi	gs://firecloud-workshops/181017-ashg18/1000G-vcfs/HG01275.phase3.vcf	gs://firecloud-workshops/181017-ashg18/1000G-vcfs/HG01275.phase3.vcf.idx	CLM	neutral	gs://firecloud-workshops/181017-ashg18/synthetic-exomes/HG01275.synthetic.exome.bam	gs://firecloud-workshops/181017-ashg18/synthetic-exomes/HG01275.synthetic.exome.bai	gs://firecloud-workshops/181017-ashg18/truth-vcfs/HG01275.synthetic.exome.truth.vcf	gs://firecloud-workshops/181017-ashg18/truth-vcfs/HG01275.synthetic.exome.truth.vcf.idx
HG01326	gs://firecloud-workshops/181017-ashg18/variants/neutral/m_2_120776717_A.txt	gs://firecloud-workshops/181017-ashg18/synthetic-exomes-mutated/HG01326.synthetic.exome.mutated.bam	gs://firecloud-workshops/181017-ashg18/synthetic-exomes-mutated/HG01326.synthetic.exome.mutated.bai	gs://firecloud-workshops/181017-ashg18/gvcfs/HG01326.synthetic.exome.mutated.g.vcf.gz	gs://firecloud-workshops/181017-ashg18/gvcfs/HG01326.synthetic.exome.mutated.g.vcf.gz.tbi	gs://firecloud-workshops/181017-ashg18/1000G-vcfs/HG01326.phase3.vcf	gs://firecloud-workshops/181017-ashg18/1000G-vcfs/HG01326.phase3.vcf.idx	PUR	neutral	gs://firecloud-workshops/181017-ashg18/synthetic-exomes/HG01326.synthetic.exome.bam	gs://firecloud-workshops/181017-ashg18/synthetic-exomes/HG01326.synthetic.exome.bai	gs://firecloud-workshops/181017-ashg18/truth-vcfs/HG01326.synthetic.exome.truth.vcf	gs://firecloud-workshops/181017-ashg18/truth-vcfs/HG01326.synthetic.exome.truth.vcf.idx
HG01372	gs://firecloud-workshops/181017-ashg18/variants/neutral/m_2_120776717_A.txt	gs://firecloud-workshops/181017-ashg18/synthetic-exomes-mutated/HG01372.synthetic.exome.mutated.bam	gs://firecloud-workshops/181017-ashg18/synthetic-exomes-mutated/HG01372.synthetic.exome.mutated.bai	gs://firecloud-workshops/181017-ashg18/gvcfs/HG01372.synthetic.exome.mutated.g.vcf.gz	gs://firecloud-workshops/181017-ashg18/gvcfs/HG01372.synthetic.exome.mutated.g.vcf.gz.tbi	gs://firecloud-workshops/181017-ashg18/1000G-vcfs/HG01372.phase3.vcf	gs://firecloud-workshops/181017-ashg18/1000G-vcfs/HG01372.phase3.vcf.idx	CLM	neutral	gs://firecloud-workshops/181017-ashg18/synthetic-exomes/HG01372.synthetic.exome.bam	gs://firecloud-workshops/181017-ashg18/synthetic-exomes/HG01372.synthetic.exome.bai	gs://firecloud-workshops/181017-ashg18/truth-vcfs/HG01372.synthetic.exome.truth.vcf	gs://firecloud-workshops/181017-ashg18/truth-vcfs/HG01372.synthetic.exome.truth.vcf.idx
HG01395	gs://firecloud-workshops/181017-ashg18/variants/neutral/m_2_120776717_A.txt	gs://firecloud-workshops/181017-ashg18/synthetic-exomes-mutated/HG01395.synthetic.exome.mutated.bam	gs://firecloud-workshops/181017-ashg18/synthetic-exomes-mutated/HG01395.synthetic.exome.mutated.bai	gs://firecloud-workshops/181017-ashg18/gvcfs/HG01395.synthetic.exome.mutated.g.vcf.gz	gs://firecloud-workshops/181017-ashg18/gvcfs/HG01395.synthetic.exome.mutated.g.vcf.gz.tbi	gs://firecloud-workshops/181017-ashg18/1000G-vcfs/HG01395.phase3.vcf	gs://firecloud-workshops/181017-ashg18/1000G-vcfs/HG01395.phase3.vcf.idx	PUR	neutral	gs://firecloud-workshops/181017-ashg18/synthetic-exomes/HG01395.synthetic.exome.bam	gs://firecloud-workshops/181017-ashg18/synthetic-exomes/HG01395.synthetic.exome.bai	gs://firecloud-workshops/181017-ashg18/truth-vcfs/HG01395.synthetic.exome.truth.vcf	gs://firecloud-workshops/181017-ashg18/truth-vcfs/HG01395.synthetic.exome.truth.vcf.idx
HG01403	gs://firecloud-workshops/181017-ashg18/variants/neutral/m_2_120776717_A.txt	gs://firecloud-workshops/181017-ashg18/synthetic-exomes-mutated/HG01403.synthetic.exome.mutated.bam	gs://firecloud-workshops/181017-ashg18/synthetic-exomes-mutated/HG01403.synthetic.exome.mutated.bai	gs://firecloud-workshops/181017-ashg18/gvcfs/HG01403.synthetic.exome.mutated.g.vcf.gz	gs://firecloud-workshops/181017-ashg18/gvcfs/HG01403.synthetic.exome.mutated.g.vcf.gz.tbi	gs://firecloud-workshops/181017-ashg18/1000G-vcfs/HG01403.phase3.vcf	gs://firecloud-workshops/181017-ashg18/1000G-vcfs/HG01403.phase3.vcf.idx	PUR	neutral	gs://firecloud-workshops/181017-ashg18/synthetic-exomes/HG01403.synthetic.exome.bam	gs://firecloud-workshops/181017-ashg18/synthetic-exomes/HG01403.synthetic.exome.bai	gs://firecloud-workshops/181017-ashg18/truth-vcfs/HG01403.synthetic.exome.truth.vcf	gs://firecloud-workshops/181017-ashg18/truth-vcfs/HG01403.synthetic.exome.truth.vcf.idx
HG01431	gs://firecloud-workshops/181017-ashg18/variants/neutral/m_2_120776717_A.txt	gs://firecloud-workshops/181017-ashg18/synthetic-exomes-mutated/HG01431.synthetic.exome.mutated.bam	gs://firecloud-workshops/181017-ashg18/synthetic-exomes-mutated/HG01431.synthetic.exome.mutated.bai	gs://firecloud-workshops/181017-ashg18/gvcfs/HG01431.synthetic.exome.mutated.g.vcf.gz	gs://firecloud-workshops/181017-ashg18/gvcfs/HG01431.synthetic.exome.mutated.g.vcf.gz.tbi	gs://firecloud-workshops/181017-ashg18/1000G-vcfs/HG01431.phase3.vcf	gs://firecloud-workshops/181017-ashg18/1000G-vcfs/HG01431.phase3.vcf.idx	CLM	neutral	gs://firecloud-workshops/181017-ashg18/synthetic-exomes/HG01431.synthetic.exome.bam	gs://firecloud-workshops/181017-ashg18/synthetic-exomes/HG01431.synthetic.exome.bai	gs://firecloud-workshops/181017-ashg18/truth-vcfs/HG01431.synthetic.exome.truth.vcf	gs://firecloud-workshops/181017-ashg18/truth-vcfs/HG01431.synthetic.exome.truth.vcf.idx
HG01501	gs://firecloud-workshops/181017-ashg18/variants/neutral/m_2_120776717_A.txt	gs://firecloud-workshops/181017-ashg18/synthetic-exomes-mutated/HG01501.synthetic.exome.mutated.bam	gs://firecloud-workshops/181017-ashg18/synthetic-exomes-mutated/HG01501.synthetic.exome.mutated.bai	gs://firecloud-workshops/181017-ashg18/gvcfs/HG01501.synthetic.exome.mutated.g.vcf.gz	gs://firecloud-workshops/181017-ashg18/gvcfs/HG01501.synthetic.exome.mutated.g.vcf.gz.tbi	gs://firecloud-workshops/181017-ashg18/1000G-vcfs/HG01501.phase3.vcf	gs://firecloud-workshops/181017-ashg18/1000G-vcfs/HG01501.phase3.vcf.idx	IBS	neutral	gs://firecloud-workshops/181017-ashg18/synthetic-exomes/HG01501.synthetic.exome.bam	gs://firecloud-workshops/181017-ashg18/synthetic-exomes/HG01501.synthetic.exome.bai	gs://firecloud-workshops/181017-ashg18/truth-vcfs/HG01501.synthetic.exome.truth.vcf	gs://firecloud-workshops/181017-ashg18/truth-vcfs/HG01501.synthetic.exome.truth.vcf.idx
HG01606	gs://firecloud-workshops/181017-ashg18/variants/neutral/m_2_120776717_A.txt	gs://firecloud-workshops/181017-ashg18/synthetic-exomes-mutated/HG01606.synthetic.exome.mutated.bam	gs://firecloud-workshops/181017-ashg18/synthetic-exomes-mutated/HG01606.synthetic.exome.mutated.bai	gs://firecloud-workshops/181017-ashg18/gvcfs/HG01606.synthetic.exome.mutated.g.vcf.gz	gs://firecloud-workshops/181017-ashg18/gvcfs/HG01606.synthetic.exome.mutated.g.vcf.gz.tbi	gs://firecloud-workshops/181017-ashg18/1000G-vcfs/HG01606.phase3.vcf	gs://firecloud-workshops/181017-ashg18/1000G-vcfs/HG01606.phase3.vcf.idx	IBS	neutral	gs://firecloud-workshops/181017-ashg18/synthetic-exomes/HG01606.synthetic.exome.bam	gs://firecloud-workshops/181017-ashg18/synthetic-exomes/HG01606.synthetic.exome.bai	gs://firecloud-workshops/181017-ashg18/truth-vcfs/HG01606.synthetic.exome.truth.vcf	gs://firecloud-workshops/181017-ashg18/truth-vcfs/HG01606.synthetic.exome.truth.vcf.idx
HG01618	gs://firecloud-workshops/181017-ashg18/variants/neutral/m_2_120776717_A.txt	gs://firecloud-workshops/181017-ashg18/synthetic-exomes-mutated/HG01618.synthetic.exome.mutated.bam	gs://firecloud-workshops/181017-ashg18/synthetic-exomes-mutated/HG01618.synthetic.exome.mutated.bai	gs://firecloud-workshops/181017-ashg18/gvcfs/HG01618.synthetic.exome.mutated.g.vcf.gz	gs://firecloud-workshops/181017-ashg18/gvcfs/HG01618.synthetic.exome.mutated.g.vcf.gz.tbi	gs://firecloud-workshops/181017-ashg18/1000G-vcfs/HG01618.phase3.vcf	gs://firecloud-workshops/181017-ashg18/1000G-vcfs/HG01618.phase3.vcf.idx	IBS	neutral	gs://firecloud-workshops/181017-ashg18/synthetic-exomes/HG01618.synthetic.exome.bam	gs://firecloud-workshops/181017-ashg18/synthetic-exomes/HG01618.synthetic.exome.bai	gs://firecloud-workshops/181017-ashg18/truth-vcfs/HG01618.synthetic.exome.truth.vcf	gs://firecloud-workshops/181017-ashg18/truth-vcfs/HG01618.synthetic.exome.truth.vcf.idx
HG01708	gs://firecloud-workshops/181017-ashg18/variants/neutral/m_2_120776717_A.txt	gs://firecloud-workshops/181017-ashg18/synthetic-exomes-mutated/HG01708.synthetic.exome.mutated.bam	gs://firecloud-workshops/181017-ashg18/synthetic-exomes-mutated/HG01708.synthetic.exome.mutated.bai	gs://firecloud-workshops/181017-ashg18/gvcfs/HG01708.synthetic.exome.mutated.g.vcf.gz	gs://firecloud-workshops/181017-ashg18/gvcfs/HG01708.synthetic.exome.mutated.g.vcf.gz.tbi	gs://firecloud-workshops/181017-ashg18/1000G-vcfs/HG01708.phase3.vcf	gs://firecloud-workshops/181017-ashg18/1000G-vcfs/HG01708.phase3.vcf.idx	IBS	neutral	gs://firecloud-workshops/181017-ashg18/synthetic-exomes/HG01708.synthetic.exome.bam	gs://firecloud-workshops/181017-ashg18/synthetic-exomes/HG01708.synthetic.exome.bai	gs://firecloud-workshops/181017-ashg18/truth-vcfs/HG01708.synthetic.exome.truth.vcf	gs://firecloud-workshops/181017-ashg18/truth-vcfs/HG01708.synthetic.exome.truth.vcf.idx
HG01709	gs://firecloud-workshops/181017-ashg18/variants/neutral/m_2_120776717_A.txt	gs://firecloud-workshops/181017-ashg18/synthetic-exomes-mutated/HG01709.synthetic.exome.mutated.bam	gs://firecloud-workshops/181017-ashg18/synthetic-exomes-mutated/HG01709.synthetic.exome.mutated.bai	gs://firecloud-workshops/181017-ashg18/gvcfs/HG01709.synthetic.exome.mutated.g.vcf.gz	gs://firecloud-workshops/181017-ashg18/gvcfs/HG01709.synthetic.exome.mutated.g.vcf.gz.tbi	gs://firecloud-workshops/181017-ashg18/1000G-vcfs/HG01709.phase3.vcf	gs://firecloud-workshops/181017-ashg18/1000G-vcfs/HG01709.phase3.vcf.idx	IBS	neutral	gs://firecloud-workshops/181017-ashg18/synthetic-exomes/HG01709.synthetic.exome.bam	gs://firecloud-workshops/181017-ashg18/synthetic-exomes/HG01709.synthetic.exome.bai	gs://firecloud-workshops/181017-ashg18/truth-vcfs/HG01709.synthetic.exome.truth.vcf	gs://firecloud-workshops/181017-ashg18/truth-vcfs/HG01709.synthetic.exome.truth.vcf.idx
HG01710	gs://firecloud-workshops/181017-ashg18/variants/case-notch1/m_9_139400321_T.txt	gs://firecloud-workshops/181017-ashg18/synthetic-exomes-mutated/HG01710.synthetic.exome.mutated.bam	gs://firecloud-workshops/181017-ashg18/synthetic-exomes-mutated/HG01710.synthetic.exome.mutated.bai	gs://firecloud-workshops/181017-ashg18/gvcfs/HG01710.synthetic.exome.mutated.g.vcf.gz	gs://firecloud-workshops/181017-ashg18/gvcfs/HG01710.synthetic.exome.mutated.g.vcf.gz.tbi	gs://firecloud-workshops/181017-ashg18/1000G-vcfs/HG01710.phase3.vcf	gs://firecloud-workshops/181017-ashg18/1000G-vcfs/HG01710.phase3.vcf.idx	IBS	case	gs://firecloud-workshops/181017-ashg18/synthetic-exomes/HG01710.synthetic.exome.bam	gs://firecloud-workshops/181017-ashg18/synthetic-exomes/HG01710.synthetic.exome.bai	gs://firecloud-workshops/181017-ashg18/truth-vcfs/HG01710.synthetic.exome.truth.vcf	gs://firecloud-workshops/181017-ashg18/truth-vcfs/HG01710.synthetic.exome.truth.vcf.idx
HG01746	gs://firecloud-workshops/181017-ashg18/variants/neutral/m_2_120776717_A.txt	gs://firecloud-workshops/181017-ashg18/synthetic-exomes-mutated/HG01746.synthetic.exome.mutated.bam	gs://firecloud-workshops/181017-ashg18/synthetic-exomes-mutated/HG01746.synthetic.exome.mutated.bai	gs://firecloud-workshops/181017-ashg18/gvcfs/HG01746.synthetic.exome.mutated.g.vcf.gz	gs://firecloud-workshops/181017-ashg18/gvcfs/HG01746.synthetic.exome.mutated.g.vcf.gz.tbi	gs://firecloud-workshops/181017-ashg18/1000G-vcfs/HG01746.phase3.vcf	gs://firecloud-workshops/181017-ashg18/1000G-vcfs/HG01746.phase3.vcf.idx	IBS	neutral	gs://firecloud-workshops/181017-ashg18/synthetic-exomes/HG01746.synthetic.exome.bam	gs://firecloud-workshops/181017-ashg18/synthetic-exomes/HG01746.synthetic.exome.bai	gs://firecloud-workshops/181017-ashg18/truth-vcfs/HG01746.synthetic.exome.truth.vcf	gs://firecloud-workshops/181017-ashg18/truth-vcfs/HG01746.synthetic.exome.truth.vcf.idx
HG01773	gs://firecloud-workshops/181017-ashg18/variants/neutral/m_2_120776717_A.txt	gs://firecloud-workshops/181017-ashg18/synthetic-exomes-mutated/HG01773.synthetic.exome.mutated.bam	gs://firecloud-workshops/181017-ashg18/synthetic-exomes-mutated/HG01773.synthetic.exome.mutated.bai	gs://firecloud-workshops/181017-ashg18/gvcfs/HG01773.synthetic.exome.mutated.g.vcf.gz	gs://firecloud-workshops/181017-ashg18/gvcfs/HG01773.synthetic.exome.mutated.g.vcf.gz.tbi	gs://firecloud-workshops/181017-ashg18/1000G-vcfs/HG01773.phase3.vcf	gs://firecloud-workshops/181017-ashg18/1000G-vcfs/HG01773.phase3.vcf.idx	IBS	neutral	gs://firecloud-workshops/181017-ashg18/synthetic-exomes/HG01773.synthetic.exome.bam	gs://firecloud-workshops/181017-ashg18/synthetic-exomes/HG01773.synthetic.exome.bai	gs://firecloud-workshops/181017-ashg18/truth-vcfs/HG01773.synthetic.exome.truth.vcf	gs://firecloud-workshops/181017-ashg18/truth-vcfs/HG01773.synthetic.exome.truth.vcf.idx
HG01779	gs://firecloud-workshops/181017-ashg18/variants/neutral/m_2_120776717_A.txt	gs://firecloud-workshops/181017-ashg18/synthetic-exomes-mutated/HG01779.synthetic.exome.mutated.bam	gs://firecloud-workshops/181017-ashg18/synthetic-exomes-mutated/HG01779.synthetic.exome.mutated.bai	gs://firecloud-workshops/181017-ashg18/gvcfs/HG01779.synthetic.exome.mutated.g.vcf.gz	gs://firecloud-workshops/181017-ashg18/gvcfs/HG01779.synthetic.exome.mutated.g.vcf.gz.tbi	gs://firecloud-workshops/181017-ashg18/1000G-vcfs/HG01779.phase3.vcf	gs://firecloud-workshops/181017-ashg18/1000G-vcfs/HG01779.phase3.vcf.idx	IBS	neutral	gs://firecloud-workshops/181017-ashg18/synthetic-exomes/HG01779.synthetic.exome.bam	gs://firecloud-workshops/181017-ashg18/synthetic-exomes/HG01779.synthetic.exome.bai	gs://firecloud-workshops/181017-ashg18/truth-vcfs/HG01779.synthetic.exome.truth.vcf	gs://firecloud-workshops/181017-ashg18/truth-vcfs/HG01779.synthetic.exome.truth.vcf.idx
HG01967	gs://firecloud-workshops/181017-ashg18/variants/neutral/m_2_120776717_A.txt	gs://firecloud-workshops/181017-ashg18/synthetic-exomes-mutated/HG01967.synthetic.exome.mutated.bam	gs://firecloud-workshops/181017-ashg18/synthetic-exomes-mutated/HG01967.synthetic.exome.mutated.bai	gs://firecloud-workshops/181017-ashg18/gvcfs/HG01967.synthetic.exome.mutated.g.vcf.gz	gs://firecloud-workshops/181017-ashg18/gvcfs/HG01967.synthetic.exome.mutated.g.vcf.gz.tbi	gs://firecloud-workshops/181017-ashg18/1000G-vcfs/HG01967.phase3.vcf	gs://firecloud-workshops/181017-ashg18/1000G-vcfs/HG01967.phase3.vcf.idx	PEL	neutral	gs://firecloud-workshops/181017-ashg18/synthetic-exomes/HG01967.synthetic.exome.bam	gs://firecloud-workshops/181017-ashg18/synthetic-exomes/HG01967.synthetic.exome.bai	gs://firecloud-workshops/181017-ashg18/truth-vcfs/HG01967.synthetic.exome.truth.vcf	gs://firecloud-workshops/181017-ashg18/truth-vcfs/HG01967.synthetic.exome.truth.vcf.idx
HG01988	gs://firecloud-workshops/181017-ashg18/variants/neutral/m_2_120776717_A.txt	gs://firecloud-workshops/181017-ashg18/synthetic-exomes-mutated/HG01988.synthetic.exome.mutated.bam	gs://firecloud-workshops/181017-ashg18/synthetic-exomes-mutated/HG01988.synthetic.exome.mutated.bai	gs://firecloud-workshops/181017-ashg18/gvcfs/HG01988.synthetic.exome.mutated.g.vcf.gz	gs://firecloud-workshops/181017-ashg18/gvcfs/HG01988.synthetic.exome.mutated.g.vcf.gz.tbi	gs://firecloud-workshops/181017-ashg18/1000G-vcfs/HG01988.phase3.vcf	gs://firecloud-workshops/181017-ashg18/1000G-vcfs/HG01988.phase3.vcf.idx	ACB	neutral	gs://firecloud-workshops/181017-ashg18/synthetic-exomes/HG01988.synthetic.exome.bam	gs://firecloud-workshops/181017-ashg18/synthetic-exomes/HG01988.synthetic.exome.bai	gs://firecloud-workshops/181017-ashg18/truth-vcfs/HG01988.synthetic.exome.truth.vcf	gs://firecloud-workshops/181017-ashg18/truth-vcfs/HG01988.synthetic.exome.truth.vcf.idx
HG02079	gs://firecloud-workshops/181017-ashg18/variants/neutral/m_2_120776717_A.txt	gs://firecloud-workshops/181017-ashg18/synthetic-exomes-mutated/HG02079.synthetic.exome.mutated.bam	gs://firecloud-workshops/181017-ashg18/synthetic-exomes-mutated/HG02079.synthetic.exome.mutated.bai	gs://firecloud-workshops/181017-ashg18/gvcfs/HG02079.synthetic.exome.mutated.g.vcf.gz	gs://firecloud-workshops/181017-ashg18/gvcfs/HG02079.synthetic.exome.mutated.g.vcf.gz.tbi	gs://firecloud-workshops/181017-ashg18/1000G-vcfs/HG02079.phase3.vcf	gs://firecloud-workshops/181017-ashg18/1000G-vcfs/HG02079.phase3.vcf.idx	KHV	neutral	gs://firecloud-workshops/181017-ashg18/synthetic-exomes/HG02079.synthetic.exome.bam	gs://firecloud-workshops/181017-ashg18/synthetic-exomes/HG02079.synthetic.exome.bai	gs://firecloud-workshops/181017-ashg18/truth-vcfs/HG02079.synthetic.exome.truth.vcf	gs://firecloud-workshops/181017-ashg18/truth-vcfs/HG02079.synthetic.exome.truth.vcf.idx
HG02108	gs://firecloud-workshops/181017-ashg18/variants/neutral/m_2_120776717_A.txt	gs://firecloud-workshops/181017-ashg18/synthetic-exomes-mutated/HG02108.synthetic.exome.mutated.bam	gs://firecloud-workshops/181017-ashg18/synthetic-exomes-mutated/HG02108.synthetic.exome.mutated.bai	gs://firecloud-workshops/181017-ashg18/gvcfs/HG02108.synthetic.exome.mutated.g.vcf.gz	gs://firecloud-workshops/181017-ashg18/gvcfs/HG02108.synthetic.exome.mutated.g.vcf.gz.tbi	gs://firecloud-workshops/181017-ashg18/1000G-vcfs/HG02108.phase3.vcf	gs://firecloud-workshops/181017-ashg18/1000G-vcfs/HG02108.phase3.vcf.idx	ACB	neutral	gs://firecloud-workshops/181017-ashg18/synthetic-exomes/HG02108.synthetic.exome.bam	gs://firecloud-workshops/181017-ashg18/synthetic-exomes/HG02108.synthetic.exome.bai	gs://firecloud-workshops/181017-ashg18/truth-vcfs/HG02108.synthetic.exome.truth.vcf	gs://firecloud-workshops/181017-ashg18/truth-vcfs/HG02108.synthetic.exome.truth.vcf.idx
HG02116	gs://firecloud-workshops/181017-ashg18/variants/neutral/m_2_120776717_A.txt	gs://firecloud-workshops/181017-ashg18/synthetic-exomes-mutated/HG02116.synthetic.exome.mutated.bam	gs://firecloud-workshops/181017-ashg18/synthetic-exomes-mutated/HG02116.synthetic.exome.mutated.bai	gs://firecloud-workshops/181017-ashg18/gvcfs/HG02116.synthetic.exome.mutated.g.vcf.gz	gs://firecloud-workshops/181017-ashg18/gvcfs/HG02116.synthetic.exome.mutated.g.vcf.gz.tbi	gs://firecloud-workshops/181017-ashg18/1000G-vcfs/HG02116.phase3.vcf	gs://firecloud-workshops/181017-ashg18/1000G-vcfs/HG02116.phase3.vcf.idx	KHV	neutral	gs://firecloud-workshops/181017-ashg18/synthetic-exomes/HG02116.synthetic.exome.bam	gs://firecloud-workshops/181017-ashg18/synthetic-exomes/HG02116.synthetic.exome.bai	gs://firecloud-workshops/181017-ashg18/truth-vcfs/HG02116.synthetic.exome.truth.vcf	gs://firecloud-workshops/181017-ashg18/truth-vcfs/HG02116.synthetic.exome.truth.vcf.idx
HG02281	gs://firecloud-workshops/181017-ashg18/variants/neutral/m_2_120776717_A.txt	gs://firecloud-workshops/181017-ashg18/synthetic-exomes-mutated/HG02281.synthetic.exome.mutated.bam	gs://firecloud-workshops/181017-ashg18/synthetic-exomes-mutated/HG02281.synthetic.exome.mutated.bai	gs://firecloud-workshops/181017-ashg18/gvcfs/HG02281.synthetic.exome.mutated.g.vcf.gz	gs://firecloud-workshops/181017-ashg18/gvcfs/HG02281.synthetic.exome.mutated.g.vcf.gz.tbi	gs://firecloud-workshops/181017-ashg18/1000G-vcfs/HG02281.phase3.vcf	gs://firecloud-workshops/181017-ashg18/1000G-vcfs/HG02281.phase3.vcf.idx	ACB	neutral	gs://firecloud-workshops/181017-ashg18/synthetic-exomes/HG02281.synthetic.exome.bam	gs://firecloud-workshops/181017-ashg18/synthetic-exomes/HG02281.synthetic.exome.bai	gs://firecloud-workshops/181017-ashg18/truth-vcfs/HG02281.synthetic.exome.truth.vcf	gs://firecloud-workshops/181017-ashg18/truth-vcfs/HG02281.synthetic.exome.truth.vcf.idx
HG02433	gs://firecloud-workshops/181017-ashg18/variants/neutral/m_2_120776717_A.txt	gs://firecloud-workshops/181017-ashg18/synthetic-exomes-mutated/HG02433.synthetic.exome.mutated.bam	gs://firecloud-workshops/181017-ashg18/synthetic-exomes-mutated/HG02433.synthetic.exome.mutated.bai	gs://firecloud-workshops/181017-ashg18/gvcfs/HG02433.synthetic.exome.mutated.g.vcf.gz	gs://firecloud-workshops/181017-ashg18/gvcfs/HG02433.synthetic.exome.mutated.g.vcf.gz.tbi	gs://firecloud-workshops/181017-ashg18/1000G-vcfs/HG02433.phase3.vcf	gs://firecloud-workshops/181017-ashg18/1000G-vcfs/HG02433.phase3.vcf.idx	ACB	neutral	gs://firecloud-workshops/181017-ashg18/synthetic-exomes/HG02433.synthetic.exome.bam	gs://firecloud-workshops/181017-ashg18/synthetic-exomes/HG02433.synthetic.exome.bai	gs://firecloud-workshops/181017-ashg18/truth-vcfs/HG02433.synthetic.exome.truth.vcf	gs://firecloud-workshops/181017-ashg18/truth-vcfs/HG02433.synthetic.exome.truth.vcf.idx
HG02549	gs://firecloud-workshops/181017-ashg18/variants/neutral/m_2_120776717_A.txt	gs://firecloud-workshops/181017-ashg18/synthetic-exomes-mutated/HG02549.synthetic.exome.mutated.bam	gs://firecloud-workshops/181017-ashg18/synthetic-exomes-mutated/HG02549.synthetic.exome.mutated.bai	gs://firecloud-workshops/181017-ashg18/gvcfs/HG02549.synthetic.exome.mutated.g.vcf.gz	gs://firecloud-workshops/181017-ashg18/gvcfs/HG02549.synthetic.exome.mutated.g.vcf.gz.tbi	gs://firecloud-workshops/181017-ashg18/1000G-vcfs/HG02549.phase3.vcf	gs://firecloud-workshops/181017-ashg18/1000G-vcfs/HG02549.phase3.vcf.idx	ACB	neutral	gs://firecloud-workshops/181017-ashg18/synthetic-exomes/HG02549.synthetic.exome.bam	gs://firecloud-workshops/181017-ashg18/synthetic-exomes/HG02549.synthetic.exome.bai	gs://firecloud-workshops/181017-ashg18/truth-vcfs/HG02549.synthetic.exome.truth.vcf	gs://firecloud-workshops/181017-ashg18/truth-vcfs/HG02549.synthetic.exome.truth.vcf.idx
HG02555	gs://firecloud-workshops/181017-ashg18/variants/neutral/m_2_120776717_A.txt	gs://firecloud-workshops/181017-ashg18/synthetic-exomes-mutated/HG02555.synthetic.exome.mutated.bam	gs://firecloud-workshops/181017-ashg18/synthetic-exomes-mutated/HG02555.synthetic.exome.mutated.bai	gs://firecloud-workshops/181017-ashg18/gvcfs/HG02555.synthetic.exome.mutated.g.vcf.gz	gs://firecloud-workshops/181017-ashg18/gvcfs/HG02555.synthetic.exome.mutated.g.vcf.gz.tbi	gs://firecloud-workshops/181017-ashg18/1000G-vcfs/HG02555.phase3.vcf	gs://firecloud-workshops/181017-ashg18/1000G-vcfs/HG02555.phase3.vcf.idx	ACB	neutral	gs://firecloud-workshops/181017-ashg18/synthetic-exomes/HG02555.synthetic.exome.bam	gs://firecloud-workshops/181017-ashg18/synthetic-exomes/HG02555.synthetic.exome.bai	gs://firecloud-workshops/181017-ashg18/truth-vcfs/HG02555.synthetic.exome.truth.vcf	gs://firecloud-workshops/181017-ashg18/truth-vcfs/HG02555.synthetic.exome.truth.vcf.idx
HG02561	gs://firecloud-workshops/181017-ashg18/variants/case-notch1/m_9_139410099_T.txt	gs://firecloud-workshops/181017-ashg18/synthetic-exomes-mutated/HG02561.synthetic.exome.mutated.bam	gs://firecloud-workshops/181017-ashg18/synthetic-exomes-mutated/HG02561.synthetic.exome.mutated.bai	gs://firecloud-workshops/181017-ashg18/gvcfs/HG02561.synthetic.exome.mutated.g.vcf.gz	gs://firecloud-workshops/181017-ashg18/gvcfs/HG02561.synthetic.exome.mutated.g.vcf.gz.tbi	gs://firecloud-workshops/181017-ashg18/1000G-vcfs/HG02561.phase3.vcf	gs://firecloud-workshops/181017-ashg18/1000G-vcfs/HG02561.phase3.vcf.idx	GWD	case	gs://firecloud-workshops/181017-ashg18/synthetic-exomes/HG02561.synthetic.exome.bam	gs://firecloud-workshops/181017-ashg18/synthetic-exomes/HG02561.synthetic.exome.bai	gs://firecloud-workshops/181017-ashg18/truth-vcfs/HG02561.synthetic.exome.truth.vcf	gs://firecloud-workshops/181017-ashg18/truth-vcfs/HG02561.synthetic.exome.truth.vcf.idx
HG02610	gs://firecloud-workshops/181017-ashg18/variants/neutral/m_2_120776717_A.txt	gs://firecloud-workshops/181017-ashg18/synthetic-exomes-mutated/HG02610.synthetic.exome.mutated.bam	gs://firecloud-workshops/181017-ashg18/synthetic-exomes-mutated/HG02610.synthetic.exome.mutated.bai	gs://firecloud-workshops/181017-ashg18/gvcfs/HG02610.synthetic.exome.mutated.g.vcf.gz	gs://firecloud-workshops/181017-ashg18/gvcfs/HG02610.synthetic.exome.mutated.g.vcf.gz.tbi	gs://firecloud-workshops/181017-ashg18/1000G-vcfs/HG02610.phase3.vcf	gs://firecloud-workshops/181017-ashg18/1000G-vcfs/HG02610.phase3.vcf.idx	GWD	neutral	gs://firecloud-workshops/181017-ashg18/synthetic-exomes/HG02610.synthetic.exome.bam	gs://firecloud-workshops/181017-ashg18/synthetic-exomes/HG02610.synthetic.exome.bai	gs://firecloud-workshops/181017-ashg18/truth-vcfs/HG02610.synthetic.exome.truth.vcf	gs://firecloud-workshops/181017-ashg18/truth-vcfs/HG02610.synthetic.exome.truth.vcf.idx
HG02654	gs://firecloud-workshops/181017-ashg18/variants/neutral/m_2_120776717_A.txt	gs://firecloud-workshops/181017-ashg18/synthetic-exomes-mutated/HG02654.synthetic.exome.mutated.bam	gs://firecloud-workshops/181017-ashg18/synthetic-exomes-mutated/HG02654.synthetic.exome.mutated.bai	gs://firecloud-workshops/181017-ashg18/gvcfs/HG02654.synthetic.exome.mutated.g.vcf.gz	gs://firecloud-workshops/181017-ashg18/gvcfs/HG02654.synthetic.exome.mutated.g.vcf.gz.tbi	gs://firecloud-workshops/181017-ashg18/1000G-vcfs/HG02654.phase3.vcf	gs://firecloud-workshops/181017-ashg18/1000G-vcfs/HG02654.phase3.vcf.idx	PJL	neutral	gs://firecloud-workshops/181017-ashg18/synthetic-exomes/HG02654.synthetic.exome.bam	gs://firecloud-workshops/181017-ashg18/synthetic-exomes/HG02654.synthetic.exome.bai	gs://firecloud-workshops/181017-ashg18/truth-vcfs/HG02654.synthetic.exome.truth.vcf	gs://firecloud-workshops/181017-ashg18/truth-vcfs/HG02654.synthetic.exome.truth.vcf.idx
HG02681	gs://firecloud-workshops/181017-ashg18/variants/neutral/m_2_120776717_A.txt	gs://firecloud-workshops/181017-ashg18/synthetic-exomes-mutated/HG02681.synthetic.exome.mutated.bam	gs://firecloud-workshops/181017-ashg18/synthetic-exomes-mutated/HG02681.synthetic.exome.mutated.bai	gs://firecloud-workshops/181017-ashg18/gvcfs/HG02681.synthetic.exome.mutated.g.vcf.gz	gs://firecloud-workshops/181017-ashg18/gvcfs/HG02681.synthetic.exome.mutated.g.vcf.gz.tbi	gs://firecloud-workshops/181017-ashg18/1000G-vcfs/HG02681.phase3.vcf	gs://firecloud-workshops/181017-ashg18/1000G-vcfs/HG02681.phase3.vcf.idx	PJL	neutral	gs://firecloud-workshops/181017-ashg18/synthetic-exomes/HG02681.synthetic.exome.bam	gs://firecloud-workshops/181017-ashg18/synthetic-exomes/HG02681.synthetic.exome.bai	gs://firecloud-workshops/181017-ashg18/truth-vcfs/HG02681.synthetic.exome.truth.vcf	gs://firecloud-workshops/181017-ashg18/truth-vcfs/HG02681.synthetic.exome.truth.vcf.idx
HG02684	gs://firecloud-workshops/181017-ashg18/variants/neutral/m_2_120776717_A.txt	gs://firecloud-workshops/181017-ashg18/synthetic-exomes-mutated/HG02684.synthetic.exome.mutated.bam	gs://firecloud-workshops/181017-ashg18/synthetic-exomes-mutated/HG02684.synthetic.exome.mutated.bai	gs://firecloud-workshops/181017-ashg18/gvcfs/HG02684.synthetic.exome.mutated.g.vcf.gz	gs://firecloud-workshops/181017-ashg18/gvcfs/HG02684.synthetic.exome.mutated.g.vcf.gz.tbi	gs://firecloud-workshops/181017-ashg18/1000G-vcfs/HG02684.phase3.vcf	gs://firecloud-workshops/181017-ashg18/1000G-vcfs/HG02684.phase3.vcf.idx	PJL	neutral	gs://firecloud-workshops/181017-ashg18/synthetic-exomes/HG02684.synthetic.exome.bam	gs://firecloud-workshops/181017-ashg18/synthetic-exomes/HG02684.synthetic.exome.bai	gs://firecloud-workshops/181017-ashg18/truth-vcfs/HG02684.synthetic.exome.truth.vcf	gs://firecloud-workshops/181017-ashg18/truth-vcfs/HG02684.synthetic.exome.truth.vcf.idx
HG02721	gs://firecloud-workshops/181017-ashg18/variants/neutral/m_2_120776717_A.txt	gs://firecloud-workshops/181017-ashg18/synthetic-exomes-mutated/HG02721.synthetic.exome.mutated.bam	gs://firecloud-workshops/181017-ashg18/synthetic-exomes-mutated/HG02721.synthetic.exome.mutated.bai	gs://firecloud-workshops/181017-ashg18/gvcfs/HG02721.synthetic.exome.mutated.g.vcf.gz	gs://firecloud-workshops/181017-ashg18/gvcfs/HG02721.synthetic.exome.mutated.g.vcf.gz.tbi	gs://firecloud-workshops/181017-ashg18/1000G-vcfs/HG02721.phase3.vcf	gs://firecloud-workshops/181017-ashg18/1000G-vcfs/HG02721.phase3.vcf.idx	GWD	neutral	gs://firecloud-workshops/181017-ashg18/synthetic-exomes/HG02721.synthetic.exome.bam	gs://firecloud-workshops/181017-ashg18/synthetic-exomes/HG02721.synthetic.exome.bai	gs://firecloud-workshops/181017-ashg18/truth-vcfs/HG02721.synthetic.exome.truth.vcf	gs://firecloud-workshops/181017-ashg18/truth-vcfs/HG02721.synthetic.exome.truth.vcf.idx
HG02769	gs://firecloud-workshops/181017-ashg18/variants/neutral/m_2_120776717_A.txt	gs://firecloud-workshops/181017-ashg18/synthetic-exomes-mutated/HG02769.synthetic.exome.mutated.bam	gs://firecloud-workshops/181017-ashg18/synthetic-exomes-mutated/HG02769.synthetic.exome.mutated.bai	gs://firecloud-workshops/181017-ashg18/gvcfs/HG02769.synthetic.exome.mutated.g.vcf.gz	gs://firecloud-workshops/181017-ashg18/gvcfs/HG02769.synthetic.exome.mutated.g.vcf.gz.tbi	gs://firecloud-workshops/181017-ashg18/1000G-vcfs/HG02769.phase3.vcf	gs://firecloud-workshops/181017-ashg18/1000G-vcfs/HG02769.phase3.vcf.idx	GWD	neutral	gs://firecloud-workshops/181017-ashg18/synthetic-exomes/HG02769.synthetic.exome.bam	gs://firecloud-workshops/181017-ashg18/synthetic-exomes/HG02769.synthetic.exome.bai	gs://firecloud-workshops/181017-ashg18/truth-vcfs/HG02769.synthetic.exome.truth.vcf	gs://firecloud-workshops/181017-ashg18/truth-vcfs/HG02769.synthetic.exome.truth.vcf.idx
HG02774	gs://firecloud-workshops/181017-ashg18/variants/neutral/m_2_120776717_A.txt	gs://firecloud-workshops/181017-ashg18/synthetic-exomes-mutated/HG02774.synthetic.exome.mutated.bam	gs://firecloud-workshops/181017-ashg18/synthetic-exomes-mutated/HG02774.synthetic.exome.mutated.bai	gs://firecloud-workshops/181017-ashg18/gvcfs/HG02774.synthetic.exome.mutated.g.vcf.gz	gs://firecloud-workshops/181017-ashg18/gvcfs/HG02774.synthetic.exome.mutated.g.vcf.gz.tbi	gs://firecloud-workshops/181017-ashg18/1000G-vcfs/HG02774.phase3.vcf	gs://firecloud-workshops/181017-ashg18/1000G-vcfs/HG02774.phase3.vcf.idx	PJL	neutral	gs://firecloud-workshops/181017-ashg18/synthetic-exomes/HG02774.synthetic.exome.bam	gs://firecloud-workshops/181017-ashg18/synthetic-exomes/HG02774.synthetic.exome.bai	gs://firecloud-workshops/181017-ashg18/truth-vcfs/HG02774.synthetic.exome.truth.vcf	gs://firecloud-workshops/181017-ashg18/truth-vcfs/HG02774.synthetic.exome.truth.vcf.idx
HG02810	gs://firecloud-workshops/181017-ashg18/variants/case-notch1/m_9_139400317_A.txt	gs://firecloud-workshops/181017-ashg18/synthetic-exomes-mutated/HG02810.synthetic.exome.mutated.bam	gs://firecloud-workshops/181017-ashg18/synthetic-exomes-mutated/HG02810.synthetic.exome.mutated.bai	gs://firecloud-workshops/181017-ashg18/gvcfs/HG02810.synthetic.exome.mutated.g.vcf.gz	gs://firecloud-workshops/181017-ashg18/gvcfs/HG02810.synthetic.exome.mutated.g.vcf.gz.tbi	gs://firecloud-workshops/181017-ashg18/1000G-vcfs/HG02810.phase3.vcf	gs://firecloud-workshops/181017-ashg18/1000G-vcfs/HG02810.phase3.vcf.idx	GWD	case	gs://firecloud-workshops/181017-ashg18/synthetic-exomes/HG02810.synthetic.exome.bam	gs://firecloud-workshops/181017-ashg18/synthetic-exomes/HG02810.synthetic.exome.bai	gs://firecloud-workshops/181017-ashg18/truth-vcfs/HG02810.synthetic.exome.truth.vcf	gs://firecloud-workshops/181017-ashg18/truth-vcfs/HG02810.synthetic.exome.truth.vcf.idx
HG02839	gs://firecloud-workshops/181017-ashg18/variants/neutral/m_2_120776717_A.txt	gs://firecloud-workshops/181017-ashg18/synthetic-exomes-mutated/HG02839.synthetic.exome.mutated.bam	gs://firecloud-workshops/181017-ashg18/synthetic-exomes-mutated/HG02839.synthetic.exome.mutated.bai	gs://firecloud-workshops/181017-ashg18/gvcfs/HG02839.synthetic.exome.mutated.g.vcf.gz	gs://firecloud-workshops/181017-ashg18/gvcfs/HG02839.synthetic.exome.mutated.g.vcf.gz.tbi	gs://firecloud-workshops/181017-ashg18/1000G-vcfs/HG02839.phase3.vcf	gs://firecloud-workshops/181017-ashg18/1000G-vcfs/HG02839.phase3.vcf.idx	GWD	neutral	gs://firecloud-workshops/181017-ashg18/synthetic-exomes/HG02839.synthetic.exome.bam	gs://firecloud-workshops/181017-ashg18/synthetic-exomes/HG02839.synthetic.exome.bai	gs://firecloud-workshops/181017-ashg18/truth-vcfs/HG02839.synthetic.exome.truth.vcf	gs://firecloud-workshops/181017-ashg18/truth-vcfs/HG02839.synthetic.exome.truth.vcf.idx
HG02944	gs://firecloud-workshops/181017-ashg18/variants/neutral/m_2_120776717_A.txt	gs://firecloud-workshops/181017-ashg18/synthetic-exomes-mutated/HG02944.synthetic.exome.mutated.bam	gs://firecloud-workshops/181017-ashg18/synthetic-exomes-mutated/HG02944.synthetic.exome.mutated.bai	gs://firecloud-workshops/181017-ashg18/gvcfs/HG02944.synthetic.exome.mutated.g.vcf.gz	gs://firecloud-workshops/181017-ashg18/gvcfs/HG02944.synthetic.exome.mutated.g.vcf.gz.tbi	gs://firecloud-workshops/181017-ashg18/1000G-vcfs/HG02944.phase3.vcf	gs://firecloud-workshops/181017-ashg18/1000G-vcfs/HG02944.phase3.vcf.idx	ESN	neutral	gs://firecloud-workshops/181017-ashg18/synthetic-exomes/HG02944.synthetic.exome.bam	gs://firecloud-workshops/181017-ashg18/synthetic-exomes/HG02944.synthetic.exome.bai	gs://firecloud-workshops/181017-ashg18/truth-vcfs/HG02944.synthetic.exome.truth.vcf	gs://firecloud-workshops/181017-ashg18/truth-vcfs/HG02944.synthetic.exome.truth.vcf.idx
HG02977	gs://firecloud-workshops/181017-ashg18/variants/neutral/m_2_120776717_A.txt	gs://firecloud-workshops/181017-ashg18/synthetic-exomes-mutated/HG02977.synthetic.exome.mutated.bam	gs://firecloud-workshops/181017-ashg18/synthetic-exomes-mutated/HG02977.synthetic.exome.mutated.bai	gs://firecloud-workshops/181017-ashg18/gvcfs/HG02977.synthetic.exome.mutated.g.vcf.gz	gs://firecloud-workshops/181017-ashg18/gvcfs/HG02977.synthetic.exome.mutated.g.vcf.gz.tbi	gs://firecloud-workshops/181017-ashg18/1000G-vcfs/HG02977.phase3.vcf	gs://firecloud-workshops/181017-ashg18/1000G-vcfs/HG02977.phase3.vcf.idx	ESN	neutral	gs://firecloud-workshops/181017-ashg18/synthetic-exomes/HG02977.synthetic.exome.bam	gs://firecloud-workshops/181017-ashg18/synthetic-exomes/HG02977.synthetic.exome.bai	gs://firecloud-workshops/181017-ashg18/truth-vcfs/HG02977.synthetic.exome.truth.vcf	gs://firecloud-workshops/181017-ashg18/truth-vcfs/HG02977.synthetic.exome.truth.vcf.idx
HG03006	gs://firecloud-workshops/181017-ashg18/variants/neutral/m_2_120776717_A.txt	gs://firecloud-workshops/181017-ashg18/synthetic-exomes-mutated/HG03006.synthetic.exome.mutated.bam	gs://firecloud-workshops/181017-ashg18/synthetic-exomes-mutated/HG03006.synthetic.exome.mutated.bai	gs://firecloud-workshops/181017-ashg18/gvcfs/HG03006.synthetic.exome.mutated.g.vcf.gz	gs://firecloud-workshops/181017-ashg18/gvcfs/HG03006.synthetic.exome.mutated.g.vcf.gz.tbi	gs://firecloud-workshops/181017-ashg18/1000G-vcfs/HG03006.phase3.vcf	gs://firecloud-workshops/181017-ashg18/1000G-vcfs/HG03006.phase3.vcf.idx	BEB	neutral	gs://firecloud-workshops/181017-ashg18/synthetic-exomes/HG03006.synthetic.exome.bam	gs://firecloud-workshops/181017-ashg18/synthetic-exomes/HG03006.synthetic.exome.bai	gs://firecloud-workshops/181017-ashg18/truth-vcfs/HG03006.synthetic.exome.truth.vcf	gs://firecloud-workshops/181017-ashg18/truth-vcfs/HG03006.synthetic.exome.truth.vcf.idx
HG03007	gs://firecloud-workshops/181017-ashg18/variants/neutral/m_2_120776717_A.txt	gs://firecloud-workshops/181017-ashg18/synthetic-exomes-mutated/HG03007.synthetic.exome.mutated.bam	gs://firecloud-workshops/181017-ashg18/synthetic-exomes-mutated/HG03007.synthetic.exome.mutated.bai	gs://firecloud-workshops/181017-ashg18/gvcfs/HG03007.synthetic.exome.mutated.g.vcf.gz	gs://firecloud-workshops/181017-ashg18/gvcfs/HG03007.synthetic.exome.mutated.g.vcf.gz.tbi	gs://firecloud-workshops/181017-ashg18/1000G-vcfs/HG03007.phase3.vcf	gs://firecloud-workshops/181017-ashg18/1000G-vcfs/HG03007.phase3.vcf.idx	BEB	neutral	gs://firecloud-workshops/181017-ashg18/synthetic-exomes/HG03007.synthetic.exome.bam	gs://firecloud-workshops/181017-ashg18/synthetic-exomes/HG03007.synthetic.exome.bai	gs://firecloud-workshops/181017-ashg18/truth-vcfs/HG03007.synthetic.exome.truth.vcf	gs://firecloud-workshops/181017-ashg18/truth-vcfs/HG03007.synthetic.exome.truth.vcf.idx
HG03057	gs://firecloud-workshops/181017-ashg18/variants/neutral/m_2_120776717_A.txt	gs://firecloud-workshops/181017-ashg18/synthetic-exomes-mutated/HG03057.synthetic.exome.mutated.bam	gs://firecloud-workshops/181017-ashg18/synthetic-exomes-mutated/HG03057.synthetic.exome.mutated.bai	gs://firecloud-workshops/181017-ashg18/gvcfs/HG03057.synthetic.exome.mutated.g.vcf.gz	gs://firecloud-workshops/181017-ashg18/gvcfs/HG03057.synthetic.exome.mutated.g.vcf.gz.tbi	gs://firecloud-workshops/181017-ashg18/1000G-vcfs/HG03057.phase3.vcf	gs://firecloud-workshops/181017-ashg18/1000G-vcfs/HG03057.phase3.vcf.idx	MSL	neutral	gs://firecloud-workshops/181017-ashg18/synthetic-exomes/HG03057.synthetic.exome.bam	gs://firecloud-workshops/181017-ashg18/synthetic-exomes/HG03057.synthetic.exome.bai	gs://firecloud-workshops/181017-ashg18/truth-vcfs/HG03057.synthetic.exome.truth.vcf	gs://firecloud-workshops/181017-ashg18/truth-vcfs/HG03057.synthetic.exome.truth.vcf.idx
HG03064	gs://firecloud-workshops/181017-ashg18/variants/neutral/m_2_120776717_A.txt	gs://firecloud-workshops/181017-ashg18/synthetic-exomes-mutated/HG03064.synthetic.exome.mutated.bam	gs://firecloud-workshops/181017-ashg18/synthetic-exomes-mutated/HG03064.synthetic.exome.mutated.bai	gs://firecloud-workshops/181017-ashg18/gvcfs/HG03064.synthetic.exome.mutated.g.vcf.gz	gs://firecloud-workshops/181017-ashg18/gvcfs/HG03064.synthetic.exome.mutated.g.vcf.gz.tbi	gs://firecloud-workshops/181017-ashg18/1000G-vcfs/HG03064.phase3.vcf	gs://firecloud-workshops/181017-ashg18/1000G-vcfs/HG03064.phase3.vcf.idx	MSL	neutral	gs://firecloud-workshops/181017-ashg18/synthetic-exomes/HG03064.synthetic.exome.bam	gs://firecloud-workshops/181017-ashg18/synthetic-exomes/HG03064.synthetic.exome.bai	gs://firecloud-workshops/181017-ashg18/truth-vcfs/HG03064.synthetic.exome.truth.vcf	gs://firecloud-workshops/181017-ashg18/truth-vcfs/HG03064.synthetic.exome.truth.vcf.idx
HG03073	gs://firecloud-workshops/181017-ashg18/variants/neutral/m_2_120776717_A.txt	gs://firecloud-workshops/181017-ashg18/synthetic-exomes-mutated/HG03073.synthetic.exome.mutated.bam	gs://firecloud-workshops/181017-ashg18/synthetic-exomes-mutated/HG03073.synthetic.exome.mutated.bai	gs://firecloud-workshops/181017-ashg18/gvcfs/HG03073.synthetic.exome.mutated.g.vcf.gz	gs://firecloud-workshops/181017-ashg18/gvcfs/HG03073.synthetic.exome.mutated.g.vcf.gz.tbi	gs://firecloud-workshops/181017-ashg18/1000G-vcfs/HG03073.phase3.vcf	gs://firecloud-workshops/181017-ashg18/1000G-vcfs/HG03073.phase3.vcf.idx	MSL	neutral	gs://firecloud-workshops/181017-ashg18/synthetic-exomes/HG03073.synthetic.exome.bam	gs://firecloud-workshops/181017-ashg18/synthetic-exomes/HG03073.synthetic.exome.bai	gs://firecloud-workshops/181017-ashg18/truth-vcfs/HG03073.synthetic.exome.truth.vcf	gs://firecloud-workshops/181017-ashg18/truth-vcfs/HG03073.synthetic.exome.truth.vcf.idx
HG03085	gs://firecloud-workshops/181017-ashg18/variants/neutral/m_2_120776717_A.txt	gs://firecloud-workshops/181017-ashg18/synthetic-exomes-mutated/HG03085.synthetic.exome.mutated.bam	gs://firecloud-workshops/181017-ashg18/synthetic-exomes-mutated/HG03085.synthetic.exome.mutated.bai	gs://firecloud-workshops/181017-ashg18/gvcfs/HG03085.synthetic.exome.mutated.g.vcf.gz	gs://firecloud-workshops/181017-ashg18/gvcfs/HG03085.synthetic.exome.mutated.g.vcf.gz.tbi	gs://firecloud-workshops/181017-ashg18/1000G-vcfs/HG03085.phase3.vcf	gs://firecloud-workshops/181017-ashg18/1000G-vcfs/HG03085.phase3.vcf.idx	MSL	neutral	gs://firecloud-workshops/181017-ashg18/synthetic-exomes/HG03085.synthetic.exome.bam	gs://firecloud-workshops/181017-ashg18/synthetic-exomes/HG03085.synthetic.exome.bai	gs://firecloud-workshops/181017-ashg18/truth-vcfs/HG03085.synthetic.exome.truth.vcf	gs://firecloud-workshops/181017-ashg18/truth-vcfs/HG03085.synthetic.exome.truth.vcf.idx
HG03120	gs://firecloud-workshops/181017-ashg18/variants/neutral/m_2_120776717_A.txt	gs://firecloud-workshops/181017-ashg18/synthetic-exomes-mutated/HG03120.synthetic.exome.mutated.bam	gs://firecloud-workshops/181017-ashg18/synthetic-exomes-mutated/HG03120.synthetic.exome.mutated.bai	gs://firecloud-workshops/181017-ashg18/gvcfs/HG03120.synthetic.exome.mutated.g.vcf.gz	gs://firecloud-workshops/181017-ashg18/gvcfs/HG03120.synthetic.exome.mutated.g.vcf.gz.tbi	gs://firecloud-workshops/181017-ashg18/1000G-vcfs/HG03120.phase3.vcf	gs://firecloud-workshops/181017-ashg18/1000G-vcfs/HG03120.phase3.vcf.idx	ESN	neutral	gs://firecloud-workshops/181017-ashg18/synthetic-exomes/HG03120.synthetic.exome.bam	gs://firecloud-workshops/181017-ashg18/synthetic-exomes/HG03120.synthetic.exome.bai	gs://firecloud-workshops/181017-ashg18/truth-vcfs/HG03120.synthetic.exome.truth.vcf	gs://firecloud-workshops/181017-ashg18/truth-vcfs/HG03120.synthetic.exome.truth.vcf.idx
HG03190	gs://firecloud-workshops/181017-ashg18/variants/neutral/m_2_120776717_A.txt	gs://firecloud-workshops/181017-ashg18/synthetic-exomes-mutated/HG03190.synthetic.exome.mutated.bam	gs://firecloud-workshops/181017-ashg18/synthetic-exomes-mutated/HG03190.synthetic.exome.mutated.bai	gs://firecloud-workshops/181017-ashg18/gvcfs/HG03190.synthetic.exome.mutated.g.vcf.gz	gs://firecloud-workshops/181017-ashg18/gvcfs/HG03190.synthetic.exome.mutated.g.vcf.gz.tbi	gs://firecloud-workshops/181017-ashg18/1000G-vcfs/HG03190.phase3.vcf	gs://firecloud-workshops/181017-ashg18/1000G-vcfs/HG03190.phase3.vcf.idx	ESN	neutral	gs://firecloud-workshops/181017-ashg18/synthetic-exomes/HG03190.synthetic.exome.bam	gs://firecloud-workshops/181017-ashg18/synthetic-exomes/HG03190.synthetic.exome.bai	gs://firecloud-workshops/181017-ashg18/truth-vcfs/HG03190.synthetic.exome.truth.vcf	gs://firecloud-workshops/181017-ashg18/truth-vcfs/HG03190.synthetic.exome.truth.vcf.idx
HG03237	gs://firecloud-workshops/181017-ashg18/variants/neutral/m_2_120776717_A.txt	gs://firecloud-workshops/181017-ashg18/synthetic-exomes-mutated/HG03237.synthetic.exome.mutated.bam	gs://firecloud-workshops/181017-ashg18/synthetic-exomes-mutated/HG03237.synthetic.exome.mutated.bai	gs://firecloud-workshops/181017-ashg18/gvcfs/HG03237.synthetic.exome.mutated.g.vcf.gz	gs://firecloud-workshops/181017-ashg18/gvcfs/HG03237.synthetic.exome.mutated.g.vcf.gz.tbi	gs://firecloud-workshops/181017-ashg18/1000G-vcfs/HG03237.phase3.vcf	gs://firecloud-workshops/181017-ashg18/1000G-vcfs/HG03237.phase3.vcf.idx	PJL	neutral	gs://firecloud-workshops/181017-ashg18/synthetic-exomes/HG03237.synthetic.exome.bam	gs://firecloud-workshops/181017-ashg18/synthetic-exomes/HG03237.synthetic.exome.bai	gs://firecloud-workshops/181017-ashg18/truth-vcfs/HG03237.synthetic.exome.truth.vcf	gs://firecloud-workshops/181017-ashg18/truth-vcfs/HG03237.synthetic.exome.truth.vcf.idx
HG03279	gs://firecloud-workshops/181017-ashg18/variants/neutral/m_2_120776717_A.txt	gs://firecloud-workshops/181017-ashg18/synthetic-exomes-mutated/HG03279.synthetic.exome.mutated.bam	gs://firecloud-workshops/181017-ashg18/synthetic-exomes-mutated/HG03279.synthetic.exome.mutated.bai	gs://firecloud-workshops/181017-ashg18/gvcfs/HG03279.synthetic.exome.mutated.g.vcf.gz	gs://firecloud-workshops/181017-ashg18/gvcfs/HG03279.synthetic.exome.mutated.g.vcf.gz.tbi	gs://firecloud-workshops/181017-ashg18/1000G-vcfs/HG03279.phase3.vcf	gs://firecloud-workshops/181017-ashg18/1000G-vcfs/HG03279.phase3.vcf.idx	ESN	neutral	gs://firecloud-workshops/181017-ashg18/synthetic-exomes/HG03279.synthetic.exome.bam	gs://firecloud-workshops/181017-ashg18/synthetic-exomes/HG03279.synthetic.exome.bai	gs://firecloud-workshops/181017-ashg18/truth-vcfs/HG03279.synthetic.exome.truth.vcf	gs://firecloud-workshops/181017-ashg18/truth-vcfs/HG03279.synthetic.exome.truth.vcf.idx
HG03460	gs://firecloud-workshops/181017-ashg18/variants/neutral/m_2_120776717_A.txt	gs://firecloud-workshops/181017-ashg18/synthetic-exomes-mutated/HG03460.synthetic.exome.mutated.bam	gs://firecloud-workshops/181017-ashg18/synthetic-exomes-mutated/HG03460.synthetic.exome.mutated.bai	gs://firecloud-workshops/181017-ashg18/gvcfs/HG03460.synthetic.exome.mutated.g.vcf.gz	gs://firecloud-workshops/181017-ashg18/gvcfs/HG03460.synthetic.exome.mutated.g.vcf.gz.tbi	gs://firecloud-workshops/181017-ashg18/1000G-vcfs/HG03460.phase3.vcf	gs://firecloud-workshops/181017-ashg18/1000G-vcfs/HG03460.phase3.vcf.idx	MSL	neutral	gs://firecloud-workshops/181017-ashg18/synthetic-exomes/HG03460.synthetic.exome.bam	gs://firecloud-workshops/181017-ashg18/synthetic-exomes/HG03460.synthetic.exome.bai	gs://firecloud-workshops/181017-ashg18/truth-vcfs/HG03460.synthetic.exome.truth.vcf	gs://firecloud-workshops/181017-ashg18/truth-vcfs/HG03460.synthetic.exome.truth.vcf.idx
HG03514	gs://firecloud-workshops/181017-ashg18/variants/neutral/m_2_120776717_A.txt	gs://firecloud-workshops/181017-ashg18/synthetic-exomes-mutated/HG03514.synthetic.exome.mutated.bam	gs://firecloud-workshops/181017-ashg18/synthetic-exomes-mutated/HG03514.synthetic.exome.mutated.bai	gs://firecloud-workshops/181017-ashg18/gvcfs/HG03514.synthetic.exome.mutated.g.vcf.gz	gs://firecloud-workshops/181017-ashg18/gvcfs/HG03514.synthetic.exome.mutated.g.vcf.gz.tbi	gs://firecloud-workshops/181017-ashg18/1000G-vcfs/HG03514.phase3.vcf	gs://firecloud-workshops/181017-ashg18/1000G-vcfs/HG03514.phase3.vcf.idx	ESN	neutral	gs://firecloud-workshops/181017-ashg18/synthetic-exomes/HG03514.synthetic.exome.bam	gs://firecloud-workshops/181017-ashg18/synthetic-exomes/HG03514.synthetic.exome.bai	gs://firecloud-workshops/181017-ashg18/truth-vcfs/HG03514.synthetic.exome.truth.vcf	gs://firecloud-workshops/181017-ashg18/truth-vcfs/HG03514.synthetic.exome.truth.vcf.idx
HG03625	gs://firecloud-workshops/181017-ashg18/variants/neutral/m_2_120776717_A.txt	gs://firecloud-workshops/181017-ashg18/synthetic-exomes-mutated/HG03625.synthetic.exome.mutated.bam	gs://firecloud-workshops/181017-ashg18/synthetic-exomes-mutated/HG03625.synthetic.exome.mutated.bai	gs://firecloud-workshops/181017-ashg18/gvcfs/HG03625.synthetic.exome.mutated.g.vcf.gz	gs://firecloud-workshops/181017-ashg18/gvcfs/HG03625.synthetic.exome.mutated.g.vcf.gz.tbi	gs://firecloud-workshops/181017-ashg18/1000G-vcfs/HG03625.phase3.vcf	gs://firecloud-workshops/181017-ashg18/1000G-vcfs/HG03625.phase3.vcf.idx	PJL	neutral	gs://firecloud-workshops/181017-ashg18/synthetic-exomes/HG03625.synthetic.exome.bam	gs://firecloud-workshops/181017-ashg18/synthetic-exomes/HG03625.synthetic.exome.bai	gs://firecloud-workshops/181017-ashg18/truth-vcfs/HG03625.synthetic.exome.truth.vcf	gs://firecloud-workshops/181017-ashg18/truth-vcfs/HG03625.synthetic.exome.truth.vcf.idx
HG03634	gs://firecloud-workshops/181017-ashg18/variants/neutral/m_2_120776717_A.txt	gs://firecloud-workshops/181017-ashg18/synthetic-exomes-mutated/HG03634.synthetic.exome.mutated.bam	gs://firecloud-workshops/181017-ashg18/synthetic-exomes-mutated/HG03634.synthetic.exome.mutated.bai	gs://firecloud-workshops/181017-ashg18/gvcfs/HG03634.synthetic.exome.mutated.g.vcf.gz	gs://firecloud-workshops/181017-ashg18/gvcfs/HG03634.synthetic.exome.mutated.g.vcf.gz.tbi	gs://firecloud-workshops/181017-ashg18/1000G-vcfs/HG03634.phase3.vcf	gs://firecloud-workshops/181017-ashg18/1000G-vcfs/HG03634.phase3.vcf.idx	PJL	neutral	gs://firecloud-workshops/181017-ashg18/synthetic-exomes/HG03634.synthetic.exome.bam	gs://firecloud-workshops/181017-ashg18/synthetic-exomes/HG03634.synthetic.exome.bai	gs://firecloud-workshops/181017-ashg18/truth-vcfs/HG03634.synthetic.exome.truth.vcf	gs://firecloud-workshops/181017-ashg18/truth-vcfs/HG03634.synthetic.exome.truth.vcf.idx
HG03642	gs://firecloud-workshops/181017-ashg18/variants/neutral/m_2_120776717_A.txt	gs://firecloud-workshops/181017-ashg18/synthetic-exomes-mutated/HG03642.synthetic.exome.mutated.bam	gs://firecloud-workshops/181017-ashg18/synthetic-exomes-mutated/HG03642.synthetic.exome.mutated.bai	gs://firecloud-workshops/181017-ashg18/gvcfs/HG03642.synthetic.exome.mutated.g.vcf.gz	gs://firecloud-workshops/181017-ashg18/gvcfs/HG03642.synthetic.exome.mutated.g.vcf.gz.tbi	gs://firecloud-workshops/181017-ashg18/1000G-vcfs/HG03642.phase3.vcf	gs://firecloud-workshops/181017-ashg18/1000G-vcfs/HG03642.phase3.vcf.idx	STU	neutral	gs://firecloud-workshops/181017-ashg18/synthetic-exomes/HG03642.synthetic.exome.bam	gs://firecloud-workshops/181017-ashg18/synthetic-exomes/HG03642.synthetic.exome.bai	gs://firecloud-workshops/181017-ashg18/truth-vcfs/HG03642.synthetic.exome.truth.vcf	gs://firecloud-workshops/181017-ashg18/truth-vcfs/HG03642.synthetic.exome.truth.vcf.idx
HG03672	gs://firecloud-workshops/181017-ashg18/variants/neutral/m_2_120776717_A.txt	gs://firecloud-workshops/181017-ashg18/synthetic-exomes-mutated/HG03672.synthetic.exome.mutated.bam	gs://firecloud-workshops/181017-ashg18/synthetic-exomes-mutated/HG03672.synthetic.exome.mutated.bai	gs://firecloud-workshops/181017-ashg18/gvcfs/HG03672.synthetic.exome.mutated.g.vcf.gz	gs://firecloud-workshops/181017-ashg18/gvcfs/HG03672.synthetic.exome.mutated.g.vcf.gz.tbi	gs://firecloud-workshops/181017-ashg18/1000G-vcfs/HG03672.phase3.vcf	gs://firecloud-workshops/181017-ashg18/1000G-vcfs/HG03672.phase3.vcf.idx	STU	neutral	gs://firecloud-workshops/181017-ashg18/synthetic-exomes/HG03672.synthetic.exome.bam	gs://firecloud-workshops/181017-ashg18/synthetic-exomes/HG03672.synthetic.exome.bai	gs://firecloud-workshops/181017-ashg18/truth-vcfs/HG03672.synthetic.exome.truth.vcf	gs://firecloud-workshops/181017-ashg18/truth-vcfs/HG03672.synthetic.exome.truth.vcf.idx
HG03673	gs://firecloud-workshops/181017-ashg18/variants/case-notch1/m_9_139391076_T.txt	gs://firecloud-workshops/181017-ashg18/synthetic-exomes-mutated/HG03673.synthetic.exome.mutated.bam	gs://firecloud-workshops/181017-ashg18/synthetic-exomes-mutated/HG03673.synthetic.exome.mutated.bai	gs://firecloud-workshops/181017-ashg18/gvcfs/HG03673.synthetic.exome.mutated.g.vcf.gz	gs://firecloud-workshops/181017-ashg18/gvcfs/HG03673.synthetic.exome.mutated.g.vcf.gz.tbi	gs://firecloud-workshops/181017-ashg18/1000G-vcfs/HG03673.phase3.vcf	gs://firecloud-workshops/181017-ashg18/1000G-vcfs/HG03673.phase3.vcf.idx	STU	case	gs://firecloud-workshops/181017-ashg18/synthetic-exomes/HG03673.synthetic.exome.bam	gs://firecloud-workshops/181017-ashg18/synthetic-exomes/HG03673.synthetic.exome.bai	gs://firecloud-workshops/181017-ashg18/truth-vcfs/HG03673.synthetic.exome.truth.vcf	gs://firecloud-workshops/181017-ashg18/truth-vcfs/HG03673.synthetic.exome.truth.vcf.idx
HG03687	gs://firecloud-workshops/181017-ashg18/variants/neutral/m_2_120776717_A.txt	gs://firecloud-workshops/181017-ashg18/synthetic-exomes-mutated/HG03687.synthetic.exome.mutated.bam	gs://firecloud-workshops/181017-ashg18/synthetic-exomes-mutated/HG03687.synthetic.exome.mutated.bai	gs://firecloud-workshops/181017-ashg18/gvcfs/HG03687.synthetic.exome.mutated.g.vcf.gz	gs://firecloud-workshops/181017-ashg18/gvcfs/HG03687.synthetic.exome.mutated.g.vcf.gz.tbi	gs://firecloud-workshops/181017-ashg18/1000G-vcfs/HG03687.phase3.vcf	gs://firecloud-workshops/181017-ashg18/1000G-vcfs/HG03687.phase3.vcf.idx	STU	neutral	gs://firecloud-workshops/181017-ashg18/synthetic-exomes/HG03687.synthetic.exome.bam	gs://firecloud-workshops/181017-ashg18/synthetic-exomes/HG03687.synthetic.exome.bai	gs://firecloud-workshops/181017-ashg18/truth-vcfs/HG03687.synthetic.exome.truth.vcf	gs://firecloud-workshops/181017-ashg18/truth-vcfs/HG03687.synthetic.exome.truth.vcf.idx
HG03716	gs://firecloud-workshops/181017-ashg18/variants/neutral/m_2_120776717_A.txt	gs://firecloud-workshops/181017-ashg18/synthetic-exomes-mutated/HG03716.synthetic.exome.mutated.bam	gs://firecloud-workshops/181017-ashg18/synthetic-exomes-mutated/HG03716.synthetic.exome.mutated.bai	gs://firecloud-workshops/181017-ashg18/gvcfs/HG03716.synthetic.exome.mutated.g.vcf.gz	gs://firecloud-workshops/181017-ashg18/gvcfs/HG03716.synthetic.exome.mutated.g.vcf.gz.tbi	gs://firecloud-workshops/181017-ashg18/1000G-vcfs/HG03716.phase3.vcf	gs://firecloud-workshops/181017-ashg18/1000G-vcfs/HG03716.phase3.vcf.idx	ITU	neutral	gs://firecloud-workshops/181017-ashg18/synthetic-exomes/HG03716.synthetic.exome.bam	gs://firecloud-workshops/181017-ashg18/synthetic-exomes/HG03716.synthetic.exome.bai	gs://firecloud-workshops/181017-ashg18/truth-vcfs/HG03716.synthetic.exome.truth.vcf	gs://firecloud-workshops/181017-ashg18/truth-vcfs/HG03716.synthetic.exome.truth.vcf.idx
HG03762	gs://firecloud-workshops/181017-ashg18/variants/neutral/m_2_120776717_A.txt	gs://firecloud-workshops/181017-ashg18/synthetic-exomes-mutated/HG03762.synthetic.exome.mutated.bam	gs://firecloud-workshops/181017-ashg18/synthetic-exomes-mutated/HG03762.synthetic.exome.mutated.bai	gs://firecloud-workshops/181017-ashg18/gvcfs/HG03762.synthetic.exome.mutated.g.vcf.gz	gs://firecloud-workshops/181017-ashg18/gvcfs/HG03762.synthetic.exome.mutated.g.vcf.gz.tbi	gs://firecloud-workshops/181017-ashg18/1000G-vcfs/HG03762.phase3.vcf	gs://firecloud-workshops/181017-ashg18/1000G-vcfs/HG03762.phase3.vcf.idx	PJL	neutral	gs://firecloud-workshops/181017-ashg18/synthetic-exomes/HG03762.synthetic.exome.bam	gs://firecloud-workshops/181017-ashg18/synthetic-exomes/HG03762.synthetic.exome.bai	gs://firecloud-workshops/181017-ashg18/truth-vcfs/HG03762.synthetic.exome.truth.vcf	gs://firecloud-workshops/181017-ashg18/truth-vcfs/HG03762.synthetic.exome.truth.vcf.idx
HG03773	gs://firecloud-workshops/181017-ashg18/variants/case-notch1/m_9_139413267_T.txt	gs://firecloud-workshops/181017-ashg18/synthetic-exomes-mutated/HG03773.synthetic.exome.mutated.bam	gs://firecloud-workshops/181017-ashg18/synthetic-exomes-mutated/HG03773.synthetic.exome.mutated.bai	gs://firecloud-workshops/181017-ashg18/gvcfs/HG03773.synthetic.exome.mutated.g.vcf.gz	gs://firecloud-workshops/181017-ashg18/gvcfs/HG03773.synthetic.exome.mutated.g.vcf.gz.tbi	gs://firecloud-workshops/181017-ashg18/1000G-vcfs/HG03773.phase3.vcf	gs://firecloud-workshops/181017-ashg18/1000G-vcfs/HG03773.phase3.vcf.idx	ITU	case	gs://firecloud-workshops/181017-ashg18/synthetic-exomes/HG03773.synthetic.exome.bam	gs://firecloud-workshops/181017-ashg18/synthetic-exomes/HG03773.synthetic.exome.bai	gs://firecloud-workshops/181017-ashg18/truth-vcfs/HG03773.synthetic.exome.truth.vcf	gs://firecloud-workshops/181017-ashg18/truth-vcfs/HG03773.synthetic.exome.truth.vcf.idx
HG03788	gs://firecloud-workshops/181017-ashg18/variants/neutral/m_2_120776717_A.txt	gs://firecloud-workshops/181017-ashg18/synthetic-exomes-mutated/HG03788.synthetic.exome.mutated.bam	gs://firecloud-workshops/181017-ashg18/synthetic-exomes-mutated/HG03788.synthetic.exome.mutated.bai	gs://firecloud-workshops/181017-ashg18/gvcfs/HG03788.synthetic.exome.mutated.g.vcf.gz	gs://firecloud-workshops/181017-ashg18/gvcfs/HG03788.synthetic.exome.mutated.g.vcf.gz.tbi	gs://firecloud-workshops/181017-ashg18/1000G-vcfs/HG03788.phase3.vcf	gs://firecloud-workshops/181017-ashg18/1000G-vcfs/HG03788.phase3.vcf.idx	ITU	neutral	gs://firecloud-workshops/181017-ashg18/synthetic-exomes/HG03788.synthetic.exome.bam	gs://firecloud-workshops/181017-ashg18/synthetic-exomes/HG03788.synthetic.exome.bai	gs://firecloud-workshops/181017-ashg18/truth-vcfs/HG03788.synthetic.exome.truth.vcf	gs://firecloud-workshops/181017-ashg18/truth-vcfs/HG03788.synthetic.exome.truth.vcf.idx
HG03829	gs://firecloud-workshops/181017-ashg18/variants/neutral/m_2_120776717_A.txt	gs://firecloud-workshops/181017-ashg18/synthetic-exomes-mutated/HG03829.synthetic.exome.mutated.bam	gs://firecloud-workshops/181017-ashg18/synthetic-exomes-mutated/HG03829.synthetic.exome.mutated.bai	gs://firecloud-workshops/181017-ashg18/gvcfs/HG03829.synthetic.exome.mutated.g.vcf.gz	gs://firecloud-workshops/181017-ashg18/gvcfs/HG03829.synthetic.exome.mutated.g.vcf.gz.tbi	gs://firecloud-workshops/181017-ashg18/1000G-vcfs/HG03829.phase3.vcf	gs://firecloud-workshops/181017-ashg18/1000G-vcfs/HG03829.phase3.vcf.idx	BEB	neutral	gs://firecloud-workshops/181017-ashg18/synthetic-exomes/HG03829.synthetic.exome.bam	gs://firecloud-workshops/181017-ashg18/synthetic-exomes/HG03829.synthetic.exome.bai	gs://firecloud-workshops/181017-ashg18/truth-vcfs/HG03829.synthetic.exome.truth.vcf	gs://firecloud-workshops/181017-ashg18/truth-vcfs/HG03829.synthetic.exome.truth.vcf.idx
HG03894	gs://firecloud-workshops/181017-ashg18/variants/neutral/m_2_120776717_A.txt	gs://firecloud-workshops/181017-ashg18/synthetic-exomes-mutated/HG03894.synthetic.exome.mutated.bam	gs://firecloud-workshops/181017-ashg18/synthetic-exomes-mutated/HG03894.synthetic.exome.mutated.bai	gs://firecloud-workshops/181017-ashg18/gvcfs/HG03894.synthetic.exome.mutated.g.vcf.gz	gs://firecloud-workshops/181017-ashg18/gvcfs/HG03894.synthetic.exome.mutated.g.vcf.gz.tbi	gs://firecloud-workshops/181017-ashg18/1000G-vcfs/HG03894.phase3.vcf	gs://firecloud-workshops/181017-ashg18/1000G-vcfs/HG03894.phase3.vcf.idx	STU	neutral	gs://firecloud-workshops/181017-ashg18/synthetic-exomes/HG03894.synthetic.exome.bam	gs://firecloud-workshops/181017-ashg18/synthetic-exomes/HG03894.synthetic.exome.bai	gs://firecloud-workshops/181017-ashg18/truth-vcfs/HG03894.synthetic.exome.truth.vcf	gs://firecloud-workshops/181017-ashg18/truth-vcfs/HG03894.synthetic.exome.truth.vcf.idx
HG03898	gs://firecloud-workshops/181017-ashg18/variants/neutral/m_2_120776717_A.txt	gs://firecloud-workshops/181017-ashg18/synthetic-exomes-mutated/HG03898.synthetic.exome.mutated.bam	gs://firecloud-workshops/181017-ashg18/synthetic-exomes-mutated/HG03898.synthetic.exome.mutated.bai	gs://firecloud-workshops/181017-ashg18/gvcfs/HG03898.synthetic.exome.mutated.g.vcf.gz	gs://firecloud-workshops/181017-ashg18/gvcfs/HG03898.synthetic.exome.mutated.g.vcf.gz.tbi	gs://firecloud-workshops/181017-ashg18/1000G-vcfs/HG03898.phase3.vcf	gs://firecloud-workshops/181017-ashg18/1000G-vcfs/HG03898.phase3.vcf.idx	STU	neutral	gs://firecloud-workshops/181017-ashg18/synthetic-exomes/HG03898.synthetic.exome.bam	gs://firecloud-workshops/181017-ashg18/synthetic-exomes/HG03898.synthetic.exome.bai	gs://firecloud-workshops/181017-ashg18/truth-vcfs/HG03898.synthetic.exome.truth.vcf	gs://firecloud-workshops/181017-ashg18/truth-vcfs/HG03898.synthetic.exome.truth.vcf.idx
HG03999	gs://firecloud-workshops/181017-ashg18/variants/neutral/m_2_120776717_A.txt	gs://firecloud-workshops/181017-ashg18/synthetic-exomes-mutated/HG03999.synthetic.exome.mutated.bam	gs://firecloud-workshops/181017-ashg18/synthetic-exomes-mutated/HG03999.synthetic.exome.mutated.bai	gs://firecloud-workshops/181017-ashg18/gvcfs/HG03999.synthetic.exome.mutated.g.vcf.gz	gs://firecloud-workshops/181017-ashg18/gvcfs/HG03999.synthetic.exome.mutated.g.vcf.gz.tbi	gs://firecloud-workshops/181017-ashg18/1000G-vcfs/HG03999.phase3.vcf	gs://firecloud-workshops/181017-ashg18/1000G-vcfs/HG03999.phase3.vcf.idx	STU	neutral	gs://firecloud-workshops/181017-ashg18/synthetic-exomes/HG03999.synthetic.exome.bam	gs://firecloud-workshops/181017-ashg18/synthetic-exomes/HG03999.synthetic.exome.bai	gs://firecloud-workshops/181017-ashg18/truth-vcfs/HG03999.synthetic.exome.truth.vcf	gs://firecloud-workshops/181017-ashg18/truth-vcfs/HG03999.synthetic.exome.truth.vcf.idx
HG04042	gs://firecloud-workshops/181017-ashg18/variants/neutral/m_2_120776717_A.txt	gs://firecloud-workshops/181017-ashg18/synthetic-exomes-mutated/HG04042.synthetic.exome.mutated.bam	gs://firecloud-workshops/181017-ashg18/synthetic-exomes-mutated/HG04042.synthetic.exome.mutated.bai	gs://firecloud-workshops/181017-ashg18/gvcfs/HG04042.synthetic.exome.mutated.g.vcf.gz	gs://firecloud-workshops/181017-ashg18/gvcfs/HG04042.synthetic.exome.mutated.g.vcf.gz.tbi	gs://firecloud-workshops/181017-ashg18/1000G-vcfs/HG04042.phase3.vcf	gs://firecloud-workshops/181017-ashg18/1000G-vcfs/HG04042.phase3.vcf.idx	STU	neutral	gs://firecloud-workshops/181017-ashg18/synthetic-exomes/HG04042.synthetic.exome.bam	gs://firecloud-workshops/181017-ashg18/synthetic-exomes/HG04042.synthetic.exome.bai	gs://firecloud-workshops/181017-ashg18/truth-vcfs/HG04042.synthetic.exome.truth.vcf	gs://firecloud-workshops/181017-ashg18/truth-vcfs/HG04042.synthetic.exome.truth.vcf.idx
HG04141	gs://firecloud-workshops/181017-ashg18/variants/neutral/m_2_120776717_A.txt	gs://firecloud-workshops/181017-ashg18/synthetic-exomes-mutated/HG04141.synthetic.exome.mutated.bam	gs://firecloud-workshops/181017-ashg18/synthetic-exomes-mutated/HG04141.synthetic.exome.mutated.bai	gs://firecloud-workshops/181017-ashg18/gvcfs/HG04141.synthetic.exome.mutated.g.vcf.gz	gs://firecloud-workshops/181017-ashg18/gvcfs/HG04141.synthetic.exome.mutated.g.vcf.gz.tbi	gs://firecloud-workshops/181017-ashg18/1000G-vcfs/HG04141.phase3.vcf	gs://firecloud-workshops/181017-ashg18/1000G-vcfs/HG04141.phase3.vcf.idx	BEB	neutral	gs://firecloud-workshops/181017-ashg18/synthetic-exomes/HG04141.synthetic.exome.bam	gs://firecloud-workshops/181017-ashg18/synthetic-exomes/HG04141.synthetic.exome.bai	gs://firecloud-workshops/181017-ashg18/truth-vcfs/HG04141.synthetic.exome.truth.vcf	gs://firecloud-workshops/181017-ashg18/truth-vcfs/HG04141.synthetic.exome.truth.vcf.idx
HG04176	gs://firecloud-workshops/181017-ashg18/variants/neutral/m_2_120776717_A.txt	gs://firecloud-workshops/181017-ashg18/synthetic-exomes-mutated/HG04176.synthetic.exome.mutated.bam	gs://firecloud-workshops/181017-ashg18/synthetic-exomes-mutated/HG04176.synthetic.exome.mutated.bai	gs://firecloud-workshops/181017-ashg18/gvcfs/HG04176.synthetic.exome.mutated.g.vcf.gz	gs://firecloud-workshops/181017-ashg18/gvcfs/HG04176.synthetic.exome.mutated.g.vcf.gz.tbi	gs://firecloud-workshops/181017-ashg18/1000G-vcfs/HG04176.phase3.vcf	gs://firecloud-workshops/181017-ashg18/1000G-vcfs/HG04176.phase3.vcf.idx	BEB	neutral	gs://firecloud-workshops/181017-ashg18/synthetic-exomes/HG04176.synthetic.exome.bam	gs://firecloud-workshops/181017-ashg18/synthetic-exomes/HG04176.synthetic.exome.bai	gs://firecloud-workshops/181017-ashg18/truth-vcfs/HG04176.synthetic.exome.truth.vcf	gs://firecloud-workshops/181017-ashg18/truth-vcfs/HG04176.synthetic.exome.truth.vcf.idx
HG04216	gs://firecloud-workshops/181017-ashg18/variants/neutral/m_2_120776717_A.txt	gs://firecloud-workshops/181017-ashg18/synthetic-exomes-mutated/HG04216.synthetic.exome.mutated.bam	gs://firecloud-workshops/181017-ashg18/synthetic-exomes-mutated/HG04216.synthetic.exome.mutated.bai	gs://firecloud-workshops/181017-ashg18/gvcfs/HG04216.synthetic.exome.mutated.g.vcf.gz	gs://firecloud-workshops/181017-ashg18/gvcfs/HG04216.synthetic.exome.mutated.g.vcf.gz.tbi	gs://firecloud-workshops/181017-ashg18/1000G-vcfs/HG04216.phase3.vcf	gs://firecloud-workshops/181017-ashg18/1000G-vcfs/HG04216.phase3.vcf.idx	ITU	neutral	gs://firecloud-workshops/181017-ashg18/synthetic-exomes/HG04216.synthetic.exome.bam	gs://firecloud-workshops/181017-ashg18/synthetic-exomes/HG04216.synthetic.exome.bai	gs://firecloud-workshops/181017-ashg18/truth-vcfs/HG04216.synthetic.exome.truth.vcf	gs://firecloud-workshops/181017-ashg18/truth-vcfs/HG04216.synthetic.exome.truth.vcf.idx
HG04235	gs://firecloud-workshops/181017-ashg18/variants/neutral/m_2_120776717_A.txt	gs://firecloud-workshops/181017-ashg18/synthetic-exomes-mutated/HG04235.synthetic.exome.mutated.bam	gs://firecloud-workshops/181017-ashg18/synthetic-exomes-mutated/HG04235.synthetic.exome.mutated.bai	gs://firecloud-workshops/181017-ashg18/gvcfs/HG04235.synthetic.exome.mutated.g.vcf.gz	gs://firecloud-workshops/181017-ashg18/gvcfs/HG04235.synthetic.exome.mutated.g.vcf.gz.tbi	gs://firecloud-workshops/181017-ashg18/1000G-vcfs/HG04235.phase3.vcf	gs://firecloud-workshops/181017-ashg18/1000G-vcfs/HG04235.phase3.vcf.idx	ITU	neutral	gs://firecloud-workshops/181017-ashg18/synthetic-exomes/HG04235.synthetic.exome.bam	gs://firecloud-workshops/181017-ashg18/synthetic-exomes/HG04235.synthetic.exome.bai	gs://firecloud-workshops/181017-ashg18/truth-vcfs/HG04235.synthetic.exome.truth.vcf	gs://firecloud-workshops/181017-ashg18/truth-vcfs/HG04235.synthetic.exome.truth.vcf.idx
NA11881	gs://firecloud-workshops/181017-ashg18/variants/neutral/m_2_120776717_A.txt	gs://firecloud-workshops/181017-ashg18/synthetic-exomes-mutated/NA11881.synthetic.exome.mutated.bam	gs://firecloud-workshops/181017-ashg18/synthetic-exomes-mutated/NA11881.synthetic.exome.mutated.bai	gs://firecloud-workshops/181017-ashg18/gvcfs/NA11881.synthetic.exome.mutated.g.vcf.gz	gs://firecloud-workshops/181017-ashg18/gvcfs/NA11881.synthetic.exome.mutated.g.vcf.gz.tbi	gs://firecloud-workshops/181017-ashg18/1000G-vcfs/NA11881.phase3.vcf	gs://firecloud-workshops/181017-ashg18/1000G-vcfs/NA11881.phase3.vcf.idx	CEU	neutral	gs://firecloud-workshops/181017-ashg18/synthetic-exomes/NA11881.synthetic.exome.bam	gs://firecloud-workshops/181017-ashg18/synthetic-exomes/NA11881.synthetic.exome.bai	gs://firecloud-workshops/181017-ashg18/truth-vcfs/NA11881.synthetic.exome.truth.vcf	gs://firecloud-workshops/181017-ashg18/truth-vcfs/NA11881.synthetic.exome.truth.vcf.idx
NA11918	gs://firecloud-workshops/181017-ashg18/variants/neutral/m_2_120776717_A.txt	gs://firecloud-workshops/181017-ashg18/synthetic-exomes-mutated/NA11918.synthetic.exome.mutated.bam	gs://firecloud-workshops/181017-ashg18/synthetic-exomes-mutated/NA11918.synthetic.exome.mutated.bai	gs://firecloud-workshops/181017-ashg18/gvcfs/NA11918.synthetic.exome.mutated.g.vcf.gz	gs://firecloud-workshops/181017-ashg18/gvcfs/NA11918.synthetic.exome.mutated.g.vcf.gz.tbi	gs://firecloud-workshops/181017-ashg18/1000G-vcfs/NA11918.phase3.vcf	gs://firecloud-workshops/181017-ashg18/1000G-vcfs/NA11918.phase3.vcf.idx	CEU	neutral	gs://firecloud-workshops/181017-ashg18/synthetic-exomes/NA11918.synthetic.exome.bam	gs://firecloud-workshops/181017-ashg18/synthetic-exomes/NA11918.synthetic.exome.bai	gs://firecloud-workshops/181017-ashg18/truth-vcfs/NA11918.synthetic.exome.truth.vcf	gs://firecloud-workshops/181017-ashg18/truth-vcfs/NA11918.synthetic.exome.truth.vcf.idx
NA12005	gs://firecloud-workshops/181017-ashg18/variants/neutral/m_2_120776717_A.txt	gs://firecloud-workshops/181017-ashg18/synthetic-exomes-mutated/NA12005.synthetic.exome.mutated.bam	gs://firecloud-workshops/181017-ashg18/synthetic-exomes-mutated/NA12005.synthetic.exome.mutated.bai	gs://firecloud-workshops/181017-ashg18/gvcfs/NA12005.synthetic.exome.mutated.g.vcf.gz	gs://firecloud-workshops/181017-ashg18/gvcfs/NA12005.synthetic.exome.mutated.g.vcf.gz.tbi	gs://firecloud-workshops/181017-ashg18/1000G-vcfs/NA12005.phase3.vcf	gs://firecloud-workshops/181017-ashg18/1000G-vcfs/NA12005.phase3.vcf.idx	CEU	neutral	gs://firecloud-workshops/181017-ashg18/synthetic-exomes/NA12005.synthetic.exome.bam	gs://firecloud-workshops/181017-ashg18/synthetic-exomes/NA12005.synthetic.exome.bai	gs://firecloud-workshops/181017-ashg18/truth-vcfs/NA12005.synthetic.exome.truth.vcf	gs://firecloud-workshops/181017-ashg18/truth-vcfs/NA12005.synthetic.exome.truth.vcf.idx
NA12006	gs://firecloud-workshops/181017-ashg18/variants/neutral/m_2_120776717_A.txt	gs://firecloud-workshops/181017-ashg18/synthetic-exomes-mutated/NA12006.synthetic.exome.mutated.bam	gs://firecloud-workshops/181017-ashg18/synthetic-exomes-mutated/NA12006.synthetic.exome.mutated.bai	gs://firecloud-workshops/181017-ashg18/gvcfs/NA12006.synthetic.exome.mutated.g.vcf.gz	gs://firecloud-workshops/181017-ashg18/gvcfs/NA12006.synthetic.exome.mutated.g.vcf.gz.tbi	gs://firecloud-workshops/181017-ashg18/1000G-vcfs/NA12006.phase3.vcf	gs://firecloud-workshops/181017-ashg18/1000G-vcfs/NA12006.phase3.vcf.idx	CEU	neutral	gs://firecloud-workshops/181017-ashg18/synthetic-exomes/NA12006.synthetic.exome.bam	gs://firecloud-workshops/181017-ashg18/synthetic-exomes/NA12006.synthetic.exome.bai	gs://firecloud-workshops/181017-ashg18/truth-vcfs/NA12006.synthetic.exome.truth.vcf	gs://firecloud-workshops/181017-ashg18/truth-vcfs/NA12006.synthetic.exome.truth.vcf.idx
NA12873	gs://firecloud-workshops/181017-ashg18/variants/neutral/m_2_120776717_A.txt	gs://firecloud-workshops/181017-ashg18/synthetic-exomes-mutated/NA12873.synthetic.exome.mutated.bam	gs://firecloud-workshops/181017-ashg18/synthetic-exomes-mutated/NA12873.synthetic.exome.mutated.bai	gs://firecloud-workshops/181017-ashg18/gvcfs/NA12873.synthetic.exome.mutated.g.vcf.gz	gs://firecloud-workshops/181017-ashg18/gvcfs/NA12873.synthetic.exome.mutated.g.vcf.gz.tbi	gs://firecloud-workshops/181017-ashg18/1000G-vcfs/NA12873.phase3.vcf	gs://firecloud-workshops/181017-ashg18/1000G-vcfs/NA12873.phase3.vcf.idx	CEU	neutral	gs://firecloud-workshops/181017-ashg18/synthetic-exomes/NA12873.synthetic.exome.bam	gs://firecloud-workshops/181017-ashg18/synthetic-exomes/NA12873.synthetic.exome.bai	gs://firecloud-workshops/181017-ashg18/truth-vcfs/NA12873.synthetic.exome.truth.vcf	gs://firecloud-workshops/181017-ashg18/truth-vcfs/NA12873.synthetic.exome.truth.vcf.idx
NA18501	gs://firecloud-workshops/181017-ashg18/variants/neutral/m_2_120776717_A.txt	gs://firecloud-workshops/181017-ashg18/synthetic-exomes-mutated/NA18501.synthetic.exome.mutated.bam	gs://firecloud-workshops/181017-ashg18/synthetic-exomes-mutated/NA18501.synthetic.exome.mutated.bai	gs://firecloud-workshops/181017-ashg18/gvcfs/NA18501.synthetic.exome.mutated.g.vcf.gz	gs://firecloud-workshops/181017-ashg18/gvcfs/NA18501.synthetic.exome.mutated.g.vcf.gz.tbi	gs://firecloud-workshops/181017-ashg18/1000G-vcfs/NA18501.phase3.vcf	gs://firecloud-workshops/181017-ashg18/1000G-vcfs/NA18501.phase3.vcf.idx	YRI	neutral	gs://firecloud-workshops/181017-ashg18/synthetic-exomes/NA18501.synthetic.exome.bam	gs://firecloud-workshops/181017-ashg18/synthetic-exomes/NA18501.synthetic.exome.bai	gs://firecloud-workshops/181017-ashg18/truth-vcfs/NA18501.synthetic.exome.truth.vcf	gs://firecloud-workshops/181017-ashg18/truth-vcfs/NA18501.synthetic.exome.truth.vcf.idx
NA18505	gs://firecloud-workshops/181017-ashg18/variants/neutral/m_2_120776717_A.txt	gs://firecloud-workshops/181017-ashg18/synthetic-exomes-mutated/NA18505.synthetic.exome.mutated.bam	gs://firecloud-workshops/181017-ashg18/synthetic-exomes-mutated/NA18505.synthetic.exome.mutated.bai	gs://firecloud-workshops/181017-ashg18/gvcfs/NA18505.synthetic.exome.mutated.g.vcf.gz	gs://firecloud-workshops/181017-ashg18/gvcfs/NA18505.synthetic.exome.mutated.g.vcf.gz.tbi	gs://firecloud-workshops/181017-ashg18/1000G-vcfs/NA18505.phase3.vcf	gs://firecloud-workshops/181017-ashg18/1000G-vcfs/NA18505.phase3.vcf.idx	YRI	neutral	gs://firecloud-workshops/181017-ashg18/synthetic-exomes/NA18505.synthetic.exome.bam	gs://firecloud-workshops/181017-ashg18/synthetic-exomes/NA18505.synthetic.exome.bai	gs://firecloud-workshops/181017-ashg18/truth-vcfs/NA18505.synthetic.exome.truth.vcf	gs://firecloud-workshops/181017-ashg18/truth-vcfs/NA18505.synthetic.exome.truth.vcf.idx
NA18959	gs://firecloud-workshops/181017-ashg18/variants/neutral/m_2_120776717_A.txt	gs://firecloud-workshops/181017-ashg18/synthetic-exomes-mutated/NA18959.synthetic.exome.mutated.bam	gs://firecloud-workshops/181017-ashg18/synthetic-exomes-mutated/NA18959.synthetic.exome.mutated.bai	gs://firecloud-workshops/181017-ashg18/gvcfs/NA18959.synthetic.exome.mutated.g.vcf.gz	gs://firecloud-workshops/181017-ashg18/gvcfs/NA18959.synthetic.exome.mutated.g.vcf.gz.tbi	gs://firecloud-workshops/181017-ashg18/1000G-vcfs/NA18959.phase3.vcf	gs://firecloud-workshops/181017-ashg18/1000G-vcfs/NA18959.phase3.vcf.idx	JPT	neutral	gs://firecloud-workshops/181017-ashg18/synthetic-exomes/NA18959.synthetic.exome.bam	gs://firecloud-workshops/181017-ashg18/synthetic-exomes/NA18959.synthetic.exome.bai	gs://firecloud-workshops/181017-ashg18/truth-vcfs/NA18959.synthetic.exome.truth.vcf	gs://firecloud-workshops/181017-ashg18/truth-vcfs/NA18959.synthetic.exome.truth.vcf.idx
NA19130	gs://firecloud-workshops/181017-ashg18/variants/case-notch1/m_9_139410018_T.txt	gs://firecloud-workshops/181017-ashg18/synthetic-exomes-mutated/NA19130.synthetic.exome.mutated.bam	gs://firecloud-workshops/181017-ashg18/synthetic-exomes-mutated/NA19130.synthetic.exome.mutated.bai	gs://firecloud-workshops/181017-ashg18/gvcfs/NA19130.synthetic.exome.mutated.g.vcf.gz	gs://firecloud-workshops/181017-ashg18/gvcfs/NA19130.synthetic.exome.mutated.g.vcf.gz.tbi	gs://firecloud-workshops/181017-ashg18/1000G-vcfs/NA19130.phase3.vcf	gs://firecloud-workshops/181017-ashg18/1000G-vcfs/NA19130.phase3.vcf.idx	YRI	case	gs://firecloud-workshops/181017-ashg18/synthetic-exomes/NA19130.synthetic.exome.bam	gs://firecloud-workshops/181017-ashg18/synthetic-exomes/NA19130.synthetic.exome.bai	gs://firecloud-workshops/181017-ashg18/truth-vcfs/NA19130.synthetic.exome.truth.vcf	gs://firecloud-workshops/181017-ashg18/truth-vcfs/NA19130.synthetic.exome.truth.vcf.idx
NA19172	gs://firecloud-workshops/181017-ashg18/variants/neutral/m_2_120776717_A.txt	gs://firecloud-workshops/181017-ashg18/synthetic-exomes-mutated/NA19172.synthetic.exome.mutated.bam	gs://firecloud-workshops/181017-ashg18/synthetic-exomes-mutated/NA19172.synthetic.exome.mutated.bai	gs://firecloud-workshops/181017-ashg18/gvcfs/NA19172.synthetic.exome.mutated.g.vcf.gz	gs://firecloud-workshops/181017-ashg18/gvcfs/NA19172.synthetic.exome.mutated.g.vcf.gz.tbi	gs://firecloud-workshops/181017-ashg18/1000G-vcfs/NA19172.phase3.vcf	gs://firecloud-workshops/181017-ashg18/1000G-vcfs/NA19172.phase3.vcf.idx	YRI	neutral	gs://firecloud-workshops/181017-ashg18/synthetic-exomes/NA19172.synthetic.exome.bam	gs://firecloud-workshops/181017-ashg18/synthetic-exomes/NA19172.synthetic.exome.bai	gs://firecloud-workshops/181017-ashg18/truth-vcfs/NA19172.synthetic.exome.truth.vcf	gs://firecloud-workshops/181017-ashg18/truth-vcfs/NA19172.synthetic.exome.truth.vcf.idx
NA19239	gs://firecloud-workshops/181017-ashg18/variants/neutral/m_2_120776717_A.txt	gs://firecloud-workshops/181017-ashg18/synthetic-exomes-mutated/NA19239.synthetic.exome.mutated.bam	gs://firecloud-workshops/181017-ashg18/synthetic-exomes-mutated/NA19239.synthetic.exome.mutated.bai	gs://firecloud-workshops/181017-ashg18/gvcfs/NA19239.synthetic.exome.mutated.g.vcf.gz	gs://firecloud-workshops/181017-ashg18/gvcfs/NA19239.synthetic.exome.mutated.g.vcf.gz.tbi	gs://firecloud-workshops/181017-ashg18/1000G-vcfs/NA19239.phase3.vcf	gs://firecloud-workshops/181017-ashg18/1000G-vcfs/NA19239.phase3.vcf.idx	YRI	neutral	gs://firecloud-workshops/181017-ashg18/synthetic-exomes/NA19239.synthetic.exome.bam	gs://firecloud-workshops/181017-ashg18/synthetic-exomes/NA19239.synthetic.exome.bai	gs://firecloud-workshops/181017-ashg18/truth-vcfs/NA19239.synthetic.exome.truth.vcf	gs://firecloud-workshops/181017-ashg18/truth-vcfs/NA19239.synthetic.exome.truth.vcf.idx
NA19247	gs://firecloud-workshops/181017-ashg18/variants/neutral/m_2_120776717_A.txt	gs://firecloud-workshops/181017-ashg18/synthetic-exomes-mutated/NA19247.synthetic.exome.mutated.bam	gs://firecloud-workshops/181017-ashg18/synthetic-exomes-mutated/NA19247.synthetic.exome.mutated.bai	gs://firecloud-workshops/181017-ashg18/gvcfs/NA19247.synthetic.exome.mutated.g.vcf.gz	gs://firecloud-workshops/181017-ashg18/gvcfs/NA19247.synthetic.exome.mutated.g.vcf.gz.tbi	gs://firecloud-workshops/181017-ashg18/1000G-vcfs/NA19247.phase3.vcf	gs://firecloud-workshops/181017-ashg18/1000G-vcfs/NA19247.phase3.vcf.idx	YRI	neutral	gs://firecloud-workshops/181017-ashg18/synthetic-exomes/NA19247.synthetic.exome.bam	gs://firecloud-workshops/181017-ashg18/synthetic-exomes/NA19247.synthetic.exome.bai	gs://firecloud-workshops/181017-ashg18/truth-vcfs/NA19247.synthetic.exome.truth.vcf	gs://firecloud-workshops/181017-ashg18/truth-vcfs/NA19247.synthetic.exome.truth.vcf.idx
NA19320	gs://firecloud-workshops/181017-ashg18/variants/neutral/m_2_120776717_A.txt	gs://firecloud-workshops/181017-ashg18/synthetic-exomes-mutated/NA19320.synthetic.exome.mutated.bam	gs://firecloud-workshops/181017-ashg18/synthetic-exomes-mutated/NA19320.synthetic.exome.mutated.bai	gs://firecloud-workshops/181017-ashg18/gvcfs/NA19320.synthetic.exome.mutated.g.vcf.gz	gs://firecloud-workshops/181017-ashg18/gvcfs/NA19320.synthetic.exome.mutated.g.vcf.gz.tbi	gs://firecloud-workshops/181017-ashg18/1000G-vcfs/NA19320.phase3.vcf	gs://firecloud-workshops/181017-ashg18/1000G-vcfs/NA19320.phase3.vcf.idx	LWK	neutral	gs://firecloud-workshops/181017-ashg18/synthetic-exomes/NA19320.synthetic.exome.bam	gs://firecloud-workshops/181017-ashg18/synthetic-exomes/NA19320.synthetic.exome.bai	gs://firecloud-workshops/181017-ashg18/truth-vcfs/NA19320.synthetic.exome.truth.vcf	gs://firecloud-workshops/181017-ashg18/truth-vcfs/NA19320.synthetic.exome.truth.vcf.idx
NA19449	gs://firecloud-workshops/181017-ashg18/variants/neutral/m_2_120776717_A.txt	gs://firecloud-workshops/181017-ashg18/synthetic-exomes-mutated/NA19449.synthetic.exome.mutated.bam	gs://firecloud-workshops/181017-ashg18/synthetic-exomes-mutated/NA19449.synthetic.exome.mutated.bai	gs://firecloud-workshops/181017-ashg18/gvcfs/NA19449.synthetic.exome.mutated.g.vcf.gz	gs://firecloud-workshops/181017-ashg18/gvcfs/NA19449.synthetic.exome.mutated.g.vcf.gz.tbi	gs://firecloud-workshops/181017-ashg18/1000G-vcfs/NA19449.phase3.vcf	gs://firecloud-workshops/181017-ashg18/1000G-vcfs/NA19449.phase3.vcf.idx	LWK	neutral	gs://firecloud-workshops/181017-ashg18/synthetic-exomes/NA19449.synthetic.exome.bam	gs://firecloud-workshops/181017-ashg18/synthetic-exomes/NA19449.synthetic.exome.bai	gs://firecloud-workshops/181017-ashg18/truth-vcfs/NA19449.synthetic.exome.truth.vcf	gs://firecloud-workshops/181017-ashg18/truth-vcfs/NA19449.synthetic.exome.truth.vcf.idx
NA19648	gs://firecloud-workshops/181017-ashg18/variants/neutral/m_2_120776717_A.txt	gs://firecloud-workshops/181017-ashg18/synthetic-exomes-mutated/NA19648.synthetic.exome.mutated.bam	gs://firecloud-workshops/181017-ashg18/synthetic-exomes-mutated/NA19648.synthetic.exome.mutated.bai	gs://firecloud-workshops/181017-ashg18/gvcfs/NA19648.synthetic.exome.mutated.g.vcf.gz	gs://firecloud-workshops/181017-ashg18/gvcfs/NA19648.synthetic.exome.mutated.g.vcf.gz.tbi	gs://firecloud-workshops/181017-ashg18/1000G-vcfs/NA19648.phase3.vcf	gs://firecloud-workshops/181017-ashg18/1000G-vcfs/NA19648.phase3.vcf.idx	MXL	neutral	gs://firecloud-workshops/181017-ashg18/synthetic-exomes/NA19648.synthetic.exome.bam	gs://firecloud-workshops/181017-ashg18/synthetic-exomes/NA19648.synthetic.exome.bai	gs://firecloud-workshops/181017-ashg18/truth-vcfs/NA19648.synthetic.exome.truth.vcf	gs://firecloud-workshops/181017-ashg18/truth-vcfs/NA19648.synthetic.exome.truth.vcf.idx
NA20321	gs://firecloud-workshops/181017-ashg18/variants/case-notch1/m_9_139391211_T.txt	gs://firecloud-workshops/181017-ashg18/synthetic-exomes-mutated/NA20321.synthetic.exome.mutated.bam	gs://firecloud-workshops/181017-ashg18/synthetic-exomes-mutated/NA20321.synthetic.exome.mutated.bai	gs://firecloud-workshops/181017-ashg18/gvcfs/NA20321.synthetic.exome.mutated.g.vcf.gz	gs://firecloud-workshops/181017-ashg18/gvcfs/NA20321.synthetic.exome.mutated.g.vcf.gz.tbi	gs://firecloud-workshops/181017-ashg18/1000G-vcfs/NA20321.phase3.vcf	gs://firecloud-workshops/181017-ashg18/1000G-vcfs/NA20321.phase3.vcf.idx	ASW	case	gs://firecloud-workshops/181017-ashg18/synthetic-exomes/NA20321.synthetic.exome.bam	gs://firecloud-workshops/181017-ashg18/synthetic-exomes/NA20321.synthetic.exome.bai	gs://firecloud-workshops/181017-ashg18/truth-vcfs/NA20321.synthetic.exome.truth.vcf	gs://firecloud-workshops/181017-ashg18/truth-vcfs/NA20321.synthetic.exome.truth.vcf.idx
NA20536	gs://firecloud-workshops/181017-ashg18/variants/neutral/m_2_120776717_A.txt	gs://firecloud-workshops/181017-ashg18/synthetic-exomes-mutated/NA20536.synthetic.exome.mutated.bam	gs://firecloud-workshops/181017-ashg18/synthetic-exomes-mutated/NA20536.synthetic.exome.mutated.bai	gs://firecloud-workshops/181017-ashg18/gvcfs/NA20536.synthetic.exome.mutated.g.vcf.gz	gs://firecloud-workshops/181017-ashg18/gvcfs/NA20536.synthetic.exome.mutated.g.vcf.gz.tbi	gs://firecloud-workshops/181017-ashg18/1000G-vcfs/NA20536.phase3.vcf	gs://firecloud-workshops/181017-ashg18/1000G-vcfs/NA20536.phase3.vcf.idx	TSI	neutral	gs://firecloud-workshops/181017-ashg18/synthetic-exomes/NA20536.synthetic.exome.bam	gs://firecloud-workshops/181017-ashg18/synthetic-exomes/NA20536.synthetic.exome.bai	gs://firecloud-workshops/181017-ashg18/truth-vcfs/NA20536.synthetic.exome.truth.vcf	gs://firecloud-workshops/181017-ashg18/truth-vcfs/NA20536.synthetic.exome.truth.vcf.idx
NA20892	gs://firecloud-workshops/181017-ashg18/variants/neutral/m_2_120776717_A.txt	gs://firecloud-workshops/181017-ashg18/synthetic-exomes-mutated/NA20892.synthetic.exome.mutated.bam	gs://firecloud-workshops/181017-ashg18/synthetic-exomes-mutated/NA20892.synthetic.exome.mutated.bai	gs://firecloud-workshops/181017-ashg18/gvcfs/NA20892.synthetic.exome.mutated.g.vcf.gz	gs://firecloud-workshops/181017-ashg18/gvcfs/NA20892.synthetic.exome.mutated.g.vcf.gz.tbi	gs://firecloud-workshops/181017-ashg18/1000G-vcfs/NA20892.phase3.vcf	gs://firecloud-workshops/181017-ashg18/1000G-vcfs/NA20892.phase3.vcf.idx	GIH	neutral	gs://firecloud-workshops/181017-ashg18/synthetic-exomes/NA20892.synthetic.exome.bam	gs://firecloud-workshops/181017-ashg18/synthetic-exomes/NA20892.synthetic.exome.bai	gs://firecloud-workshops/181017-ashg18/truth-vcfs/NA20892.synthetic.exome.truth.vcf	gs://firecloud-workshops/181017-ashg18/truth-vcfs/NA20892.synthetic.exome.truth.vcf.idx
NA20904	gs://firecloud-workshops/181017-ashg18/variants/neutral/m_2_120776717_A.txt	gs://firecloud-workshops/181017-ashg18/synthetic-exomes-mutated/NA20904.synthetic.exome.mutated.bam	gs://firecloud-workshops/181017-ashg18/synthetic-exomes-mutated/NA20904.synthetic.exome.mutated.bai	gs://firecloud-workshops/181017-ashg18/gvcfs/NA20904.synthetic.exome.mutated.g.vcf.gz	gs://firecloud-workshops/181017-ashg18/gvcfs/NA20904.synthetic.exome.mutated.g.vcf.gz.tbi	gs://firecloud-workshops/181017-ashg18/1000G-vcfs/NA20904.phase3.vcf	gs://firecloud-workshops/181017-ashg18/1000G-vcfs/NA20904.phase3.vcf.idx	GIH	neutral	gs://firecloud-workshops/181017-ashg18/synthetic-exomes/NA20904.synthetic.exome.bam	gs://firecloud-workshops/181017-ashg18/synthetic-exomes/NA20904.synthetic.exome.bai	gs://firecloud-workshops/181017-ashg18/truth-vcfs/NA20904.synthetic.exome.truth.vcf	gs://firecloud-workshops/181017-ashg18/truth-vcfs/NA20904.synthetic.exome.truth.vcf.idx
NA20905	gs://firecloud-workshops/181017-ashg18/variants/neutral/m_2_120776717_A.txt	gs://firecloud-workshops/181017-ashg18/synthetic-exomes-mutated/NA20905.synthetic.exome.mutated.bam	gs://firecloud-workshops/181017-ashg18/synthetic-exomes-mutated/NA20905.synthetic.exome.mutated.bai	gs://firecloud-workshops/181017-ashg18/gvcfs/NA20905.synthetic.exome.mutated.g.vcf.gz	gs://firecloud-workshops/181017-ashg18/gvcfs/NA20905.synthetic.exome.mutated.g.vcf.gz.tbi	gs://firecloud-workshops/181017-ashg18/1000G-vcfs/NA20905.phase3.vcf	gs://firecloud-workshops/181017-ashg18/1000G-vcfs/NA20905.phase3.vcf.idx	GIH	neutral	gs://firecloud-workshops/181017-ashg18/synthetic-exomes/NA20905.synthetic.exome.bam	gs://firecloud-workshops/181017-ashg18/synthetic-exomes/NA20905.synthetic.exome.bai	gs://firecloud-workshops/181017-ashg18/truth-vcfs/NA20905.synthetic.exome.truth.vcf	gs://firecloud-workshops/181017-ashg18/truth-vcfs/NA20905.synthetic.exome.truth.vcf.idx